longitude,latitude,housing_median_age,total_rooms,total_bedrooms,population,households,median_income,ocean_proximity,median_house_value
-120.5222,35.01,42,11595,3434,2766,1030,2.4505,INLAND,337388
-114.6337,34.8716,21,8824,1672,3214,1030,2.8002,INLAND,243715
-116.869,41.0688,37,14594,2453,3113,985,2.2798,INLAND,258598
-118.2317,34.8957,27,13456,2635,5828,1501,3.4953,NEAR OCEAN,447002
-122.7555,35.1063,52,1035,141,361,100,10.6388,NEAR OCEAN,500000
-122.7557,39.6883,29,10638,1517,3109,1347,12.6317,NEAR OCEAN,500000
-123.7564,36.7776,20,2462,479,578,259,6.7234,INLAND,354063
-115.4977,39.8511,25,9289,2389,2950,1198,10.6989,<1H OCEAN,500000
-118.2066,33.1644,6,12024,3391,5458,1677,3.8002,INLAND,267382
-117.1135,37.1332,36,4767,1142,2087,689,14.6259,NEAR OCEAN,500000
-124.1396,32.866,2,4015,557,930,370,5.9,<1H OCEAN,420565
-114.4375,33.1389,22,446,107,94,41,12.8421,NEAR BAY,500000
-115.8424,41.0705,32,2629,616,429,146,14.2351,NEAR OCEAN,500000
-122.1799,33.8589,16,9382,2486,1465,609,13.106,INLAND,500000
-122.4917,37.5548,18,11702,3142,6903,3071,1.9389,INLAND,282766
-122.4756,36.4143,5,9318,2574,1607,682,10.1043,INLAND,489029
-121.2406,35.815,36,11830,2301,6099,1801,2.6813,INLAND,324216
-118.987,41.0084,30,5487,1347,3215,808,1.0793,INLAND,330693
-119.9355,32.7551,45,2807,472,558,194,1.725,NEAR OCEAN,351089
-121.3736,38.7896,19,9466,2838,3484,1241,13.8261,INLAND,500000
-118.0969,41.6059,23,6130,929,3868,1122,13.7185,NEAR OCEAN,500000
-122.9244,37.8156,34,4222,514,2394,734,4.1615,NEAR OCEAN,413706
-121.3643,41.3561,13,12191,1789,4813,1939,8.6589,<1H OCEAN,474243
-120.6058,33.0412,43,4984,1294,2647,910,14.3704,<1H OCEAN,500000
-119.689,36.4867,29,14915,2989,8452,2649,7.9539,NEAR OCEAN,500000
-116.3255,34.9955,36,6817,1367,2208,826,6.5101,<1H OCEAN,474907
-122.3093,39.4197,22,3351,978,1997,759,7.7655,INLAND,473728
-119.0945,41.7742,52,11830,3377,4557,1840,12.063,INLAND,500000
-118.2955,34.9614,52,5780,1017,2392,672,7.6819,<1H OCEAN,500000
-123.8753,38.6992,47,7254,1143,4714,1877,11.9659,<1H OCEAN,500000
-118.1409,34.4121,36,7906,2156,4519,1671,7.0438,NEAR OCEAN,500000
-122.6072,37.8641,9,7819,2213,2587,676,4.5281,INLAND,375325
-123.6852,36.911,39,13447,2924,2086,845,5.5706,INLAND,369130
-114.6524,41.6869,51,4773,1113,2210,721,2.0895,NEAR BAY,368691
-114.4812,38.2702,19,3691,613,1852,585,7.9633,<1H OCEAN,482898
-116.0882,35.8354,38,906,239,430,146,3.0736,<1H OCEAN,345357
-121.2368,33.6225,6,7197,1682,4562,1456,12.3617,NEAR OCEAN,500000
-123.3518,33.9717,52,5433,1144,3159,1003,6.8883,NEAR OCEAN,500000
-117.3571,34.668,47,11456,1498,4289,1765,11.71,INLAND,500000
-119.8516,34.9091,15,9145,2605,1659,456,14.3624,NEAR BAY,500000
-123.1028,40.5458,20,5955,1374,2310,1025,12.8927,NEAR BAY,500000
-119.2893,37.8255,9,7160,1107,3541,1278,14.3205,<1H OCEAN,500000
-123.9985,37.4699,32,8979,2057,4075,1167,8.9511,<1H OCEAN,500000
-115.0567,33.6288,4,1534,371,642,177,3.3145,NEAR OCEAN,314679
-121.7053,40.6353,50,5788,1242,2224,819,14.0955,<1H OCEAN,500000
-117.579,39.3445,18,2047,510,607,228,13.1591,<1H OCEAN,500000
-121.1643,33.1861,5,7051,1584,2035,530,13.1018,NEAR OCEAN,500000
-119.0349,39.2036,20,12326,3581,4931,1472,10.7058,INLAND,488036
-118.7626,37.6593,23,7411,960,1706,697,9.7488,INLAND,500000
-122.4608,33.3182,11,8065,1122,2583,671,1.2061,<1H OCEAN,372433
-114.4408,36.858,37,12318,1863,3843,1617,11.4728,INLAND,500000
-116.4281,37.1061,22,3517,858,1560,595,2.2815,INLAND,272460
-114.7483,34.1083,4,12412,2931,2275,766,4.6365,<1H OCEAN,425135
-115.2049,41.4396,29,11547,3239,6522,2082,8.7209,<1H OCEAN,500000
-118.2395,40.5398,44,12694,3197,5473,1389,7.3243,INLAND,398455
-114.9284,38.8388,34,10590,2239,5140,2133,1.2208,NEAR BAY,348550
-123.4456,36.8956,13,7011,2092,3516,979,12.5358,NEAR BAY,500000
-122.3471,36.4206,42,364,61,107,33,13.3032,<1H OCEAN,500000
-123.8878,38.6692,9,7260,1960,2796,1017,10.5462,INLAND,500000
-121.0251,37.6771,42,10390,2044,6526,1952,8.575,NEAR OCEAN,500000
-120.3777,33.1354,31,3257,771,1737,606,14.4503,NEAR OCEAN,500000
-121.5768,37.3675,7,10476,2628,6649,2738,2.6794,INLAND,265441
-115.8803,40.1302,4,4628,1083,2421,833,11.3307,<1H OCEAN,500000
-120.704,36.8669,19,602,87,143,62,2.797,NEAR OCEAN,345745
-121.4788,33.0384,42,8805,1758,1604,672,6.3458,<1H OCEAN,455212
-118.8036,39.941,30,8436,1864,3701,1171,9.1968,<1H OCEAN,500000
-122.9098,34.4428,31,6549,1786,2154,710,11.3192,INLAND,492110
-116.1515,34.981,35,4357,870,1253,419,1.052,NEAR BAY,424382
-123.5881,34.0982,21,10859,3098,6011,2255,4.6484,<1H OCEAN,497961
-114.264,35.654,31,1067,212,355,109,8.5348,INLAND,440344
-116.4577,39.6635,19,13979,3058,4312,1913,8.4602,<1H OCEAN,500000
-122.3191,37.4322,31,8410,2214,4835,1797,9.9268,NEAR OCEAN,500000
-124.2936,34.4759,32,564,126,323,106,5.254,INLAND,334943
-116.016,40.8016,2,7667,2245,2516,953,8.5674,<1H OCEAN,500000
-117.1259,40.8181,52,12224,2919,6921,2277,3.657,<1H OCEAN,397286
-116.8995,40.7334,10,6771,1449,3895,1610,3.6162,INLAND,308443
-116.4676,34.7947,2,13628,1693,4932,1793,9.0719,<1H OCEAN,500000
-123.5933,36.7916,2,779,151,142,36,10.5966,<1H OCEAN,500000
-120.6865,41.8089,24,7874,1369,1187,338,2.6856,INLAND,305455
-123.1658,39.8069,17,8937,2275,3678,1555,2.7191,INLAND,274741
-115.5291,32.8054,32,14217,2239,4578,1659,8.9142,INLAND,484987
-117.9799,33.1629,16,6668,1046,4324,1902,4.7813,<1H OCEAN,450786
-120.9682,36.911,16,4350,670,2332,616,6.4936,INLAND,411238
-123.7004,41.0967,46,13265,1891,7038,2175,6.6105,INLAND,458532
-121.1718,37.6138,39,3239,570,2032,586,3.4997,<1H OCEAN,462552
-121.0266,37.2294,31,4337,1212,2575,928,1.0184,INLAND,212585
-116.8934,33.5415,43,13808,3582,4267,1393,12.9441,<1H OCEAN,500000
-117.8342,38.7237,24,12436,3138,2897,815,11.01,NEAR OCEAN,500000
-115.2827,40.2778,1,12718,3351,6650,2517,10.6675,INLAND,500000
-119.524,36.1259,11,652,109,221,78,8.6511,INLAND,420179
-123.1277,39.8408,21,12353,3455,4775,1456,10.8136,<1H OCEAN,500000
-117.0606,41.6161,4,6737,974,3134,1084,14.0996,<1H OCEAN,500000
-116.5748,34.4654,7,14033,2533,8475,3382,10.3194,INLAND,500000
-118.6137,37.4693,26,1581,356,568,165,4.7113,INLAND,305536
-116.4707,35.2491,47,8354,1157,4525,1396,8.9878,<1H OCEAN,500000
-119.3034,40.0028,50,1667,419,473,150,7.1925,<1H OCEAN,500000
-119.0077,37.9794,12,13639,2587,6805,2717,8.7899,<1H OCEAN,490350
-119.9805,38.5151,31,2938,767,443,185,8.2465,INLAND,440837
-124.0902,40.0504,17,7772,1622,4552,1480,13.0229,<1H OCEAN,500000
-123.2473,36.2721,33,14927,2277,2465,762,10.1252,INLAND,500000
-124.0288,41.1518,11,9608,2423,4865,2081,3.6426,<1H OCEAN,433392
-117.8459,37.5605,28,6947,1148,1202,540,1.8822,INLAND,227856
-121.1373,34.0348,32,1080,225,305,117,6.9411,<1H OCEAN,500000
-119.1524,39.0915,1,12206,1630,4865,2179,1.2185,INLAND,250023
-115.0747,40.0067,47,3349,774,1205,460,5.4562,<1H OCEAN,399672
-121.8022,35.5276,28,8476,2033,2084,826,6.1523,<1H OCEAN,494438
-120.1559,40.6075,42,13541,2547,4291,1406,6.2582,INLAND,444353
-116.6283,41.0677,7,8092,2361,4158,1399,14.7109,INLAND,500000
-122.0117,35.1529,2,4344,1204,2105,586,5.2546,INLAND,290949
-123.5633,41.7951,42,1368,338,254,105,4.7132,NEAR OCEAN,386399
-121.3887,33.8727,24,12556,3119,6575,2868,2.8113,NEAR OCEAN,422153
-122.7023,34.4489,4,3329,550,587,219,8.1541,<1H OCEAN,500000
-114.8485,34.2817,44,3845,915,1620,516,3.1514,NEAR OCEAN,421559
-116.091,40.9535,19,2726,424,763,214,9.6281,INLAND,499637
-117.8766,38.7003,26,11259,1642,4997,1514,3.1722,<1H OCEAN,358500
-115.4437,33.9798,11,3716,1114,1042,313,9.0734,NEAR BAY,500000
-116.1365,36.689,40,3567,827,2291,853,12.5678,NEAR OCEAN,500000
-122.4433,38.3338,50,14189,2803,4325,1898,1.5953,NEAR BAY,444336
-115.228,33.3346,43,7538,1295,2042,530,6.8765,<1H OCEAN,500000
-118.8379,40.8447,11,14086,3221,4074,1019,7.4547,<1H OCEAN,500000
-116.098,40.1039,45,10586,1364,6332,2343,12.075,INLAND,500000
-115.1919,37.2989,3,3755,514,1757,539,7.5508,INLAND,406276
-121.1,41.641,12,14357,1807,7398,3152,8.9455,<1H OCEAN,500000
-123.2253,36.477,3,5311,1114,3234,1020,12.0769,NEAR OCEAN,500000
-122.0205,41.8006,42,6952,1585,4212,1297,8.8366,INLAND,500000
-119.985,38.8284,27,645,84,335,101,6.0162,INLAND,329163
-115.9899,38.5159,49,6564,1639,1633,455,2.2018,INLAND,309535
-115.5533,34.11,2,3826,617,2187,801,11.2188,INLAND,467623
-124.2789,40.8401,49,4216,1025,1061,300,13.1959,<1H OCEAN,500000
-119.1302,36.5684,16,4075,1209,2124,711,14.5809,ISLAND,500000
-120.0841,34.075,2,5697,1392,2807,960,13.9724,INLAND,500000
-122.0801,32.6685,30,11729,3272,6209,1577,12.1639,<1H OCEAN,500000
-123.125,37.8117,20,6438,1871,2680,679,10.0086,NEAR OCEAN,500000
-120.8996,37.5076,38,461,95,216,76,11.9404,NEAR BAY,500000
-114.7135,39.3119,28,10240,2523,6416,2497,7.0492,NEAR OCEAN,479192
-121.0469,40.9184,25,5192,1419,1041,456,9.3269,NEAR OCEAN,500000
-119.048,33.2964,32,13582,2501,4134,1181,5.8818,INLAND,329387
-117.1651,39.4261,10,4225,705,1925,521,5.5739,NEAR BAY,475881
-120.6337,34.3117,42,10658,3094,6736,1754,11.5937,<1H OCEAN,500000
-114.4184,40.6169,40,14044,3521,2777,936,7.3551,NEAR OCEAN,500000
-114.5138,40.2492,33,8483,1353,1368,512,3.9703,INLAND,323528
-121.7768,37.6335,13,4422,888,786,328,3.8271,<1H OCEAN,372699
-119.2681,39.2263,41,4375,1152,770,297,13.0284,INLAND,500000
-121.275,35.5049,42,14335,3131,8657,2525,10.4886,INLAND,500000
-121.4389,36.979,47,11701,2773,5974,2045,8.6446,INLAND,500000
-123.973,40.2734,37,9374,2396,4579,1978,6.6131,<1H OCEAN,500000
-118.1203,36.8671,16,3643,845,1498,472,7.0314,NEAR OCEAN,487116
-119.2126,35.9133,45,5211,1131,2819,985,1.8041,<1H OCEAN,323846
-123.8239,37.1956,22,10925,2785,2488,1098,7.3687,INLAND,389439
-121.5022,40.3355,20,893,224,308,122,12.1364,NEAR OCEAN,500000
-115.0675,35.701,50,12512,2920,4942,1974,6.4318,INLAND,353419
-121.9017,34.1834,43,8547,1579,1753,526,6.3701,INLAND,363243
-122.8692,39.2429,27,11980,2312,4309,1434,1.22,<1H OCEAN,283568
-119.3478,40.3142,41,2012,592,620,165,7.4097,INLAND,451316
-114.2767,33.496,16,14041,1968,2355,874,1.3547,NEAR BAY,337085
-121.8762,34.8048,34,14454,2433,3156,854,8.9849,NEAR BAY,500000
-117.4808,33.8845,32,14221,2966,7565,3155,8.095,INLAND,436467
-116.5662,35.8206,26,13568,3671,2157,890,12.7601,<1H OCEAN,500000
-121.9213,36.7833,25,5924,885,3655,1303,9.1449,<1H OCEAN,500000
-116.9076,39.589,2,12506,2124,2416,672,5.528,<1H OCEAN,425746
-120.5913,38.6708,12,1607,211,883,225,8.2272,INLAND,396418
-117.8878,38.3867,40,8232,2033,4933,2019,10.7959,<1H OCEAN,500000
-117.8753,35.8623,9,9608,1564,5962,2206,2.3155,<1H OCEAN,343941
-118.8744,40.4596,12,14772,2806,8622,3381,9.695,INLAND,500000
-123.4272,36.9801,26,1610,321,472,146,13.8328,<1H OCEAN,500000
-115.8132,41.7536,9,3697,1036,1170,411,5.1878,INLAND,349101
-121.0716,38.5109,10,4572,887,1660,663,9.7728,NEAR BAY,500000
-122.4438,33.7369,32,7594,1109,1668,571,12.4986,INLAND,500000
-123.9333,38.9061,34,13232,2836,2132,789,8.1653,NEAR OCEAN,500000
-118.3111,35.606,48,751,220,439,179,11.0517,NEAR OCEAN,500000
-117.4253,39.0015,20,11786,2703,5033,1474,5.3541,<1H OCEAN,431237
-124.1805,33.2046,39,9568,2841,4347,1144,5.2848,<1H OCEAN,454750
-119.1164,34.1939,2,13126,3562,8052,2869,10.3462,<1H OCEAN,500000
-122.0352,40.5939,1,4532,573,2186,573,10.8757,<1H OCEAN,500000
-117.7563,34.6855,51,1197,285,593,239,14.1181,INLAND,500000
-122.568,40.4182,36,4276,733,2323,914,4.1477,NEAR BAY,409304
-117.2886,35.1752,24,14590,3220,3037,1294,7.555,NEAR BAY,500000
-120.3976,38.5931,27,6299,1072,2079,785,4.5072,<1H OCEAN,397404
-114.7766,39.075,2,5755,1051,3649,961,2.1213,NEAR BAY,397976
-122.9445,37.369,31,11123,3183,6801,2044,6.6452,<1H OCEAN,408059
-120.8643,35.4199,14,14644,2301,8669,3568,6.2371,NEAR OCEAN,488182
-123.1903,34.5489,2,12329,3419,4636,1313,4.7861,<1H OCEAN,452148
-114.8996,32.862,29,4252,533,2460,958,5.1579,<1H OCEAN,435478
-115.3836,35.4071,15,5503,750,958,388,6.0458,INLAND,312159
-121.7138,38.6897,12,8318,2277,1865,589,14.8437,NEAR OCEAN,500000
-117.605,41.3701,37,13879,3240,4954,1557,11.9614,<1H OCEAN,500000
-115.998,40.7393,28,6302,1603,2468,892,1.9996,<1H OCEAN,331675
-118.6758,39.751,20,13709,2161,3862,1630,13.2138,NEAR BAY,500000
-118.937,39.9614,39,5690,1232,1867,550,9.8662,NEAR BAY,500000
-121.8783,38.8009,24,8764,2214,2027,888,13.4683,<1H OCEAN,500000
-123.3985,34.9967,21,5816,1354,2294,848,5.7839,INLAND,398634
-115.1805,41.0776,10,2448,501,1338,599,7.5033,<1H OCEAN,440302
-115.1477,38.8549,46,1048,306,503,134,13.5472,INLAND,500000
-117.8797,37.8181,14,10948,2646,2232,614,4.816,INLAND,339999
-120.8851,33.5933,37,13833,3920,5447,2262,13.817,INLAND,500000
-120.7811,36.7523,18,10714,2693,5344,2260,12.599,INLAND,500000
-116.9307,36.8774,24,6554,1654,2719,921,14.7278,INLAND,500000
-115.1815,40.6769,14,8895,1195,3076,1208,5.5396,INLAND,394452
-115.284,37.6885,34,8270,1527,3812,1614,4.3005,INLAND,297389
-116.3797,36.1258,12,11581,3179,7346,1899,5.6321,INLAND,388333
-117.7884,41.7319,22,9094,1472,1795,654,14.3651,INLAND,500000
-123.4901,33.5908,6,3825,538,1319,554,5.663,<1H OCEAN,370112
-122.6982,36.522,36,14577,2604,5150,1697,8.913,INLAND,496855
-115.1668,32.945,45,514,82,225,69,6.6515,NEAR OCEAN,432058
-118.1523,39.5051,36,2576,738,582,238,6.5471,INLAND,441869
-124.256,41.1799,22,9432,2605,2247,712,3.7073,INLAND,326143
-123.313,35.1824,14,4578,961,1339,335,8.5191,<1H OCEAN,500000
-117.569,40.6184,16,11382,1491,7147,3158,12.8917,INLAND,500000
-124.2983,35.2969,36,8649,2150,4472,1647,1.6928,<1H OCEAN,358731
-122.7065,41.1112,25,774,179,372,153,13.4492,NEAR BAY,500000
-118.7419,39.6372,32,13061,3849,7294,3027,10.3166,INLAND,478152
-117.2788,40.1161,33,13530,2984,2892,761,9.6343,<1H OCEAN,500000
-117.687,32.7193,45,9944,1795,5764,1637,9.7626,INLAND,500000
-122.058,41.6004,36,12910,2755,5776,1803,5.1478,NEAR OCEAN,467489
-117.0715,39.3807,20,5785,1713,1837,577,6.812,<1H OCEAN,453530
-121.9253,35.4147,18,5692,1396,3175,1212,12.1901,INLAND,500000
-121.0244,40.3463,38,9149,2204,5043,1889,5.2893,INLAND,411423
-116.7209,35.1963,3,3010,491,1724,601,7.5803,NEAR OCEAN,440704
-117.7108,40.7539,23,8334,2115,1731,505,1.2749,<1H OCEAN,303220
-115.6709,33.6083,32,9496,2421,6026,1966,11.2698,INLAND,500000
-117.6292,39.1646,45,5870,1039,3697,1326,6.8478,NEAR BAY,500000
-118.5419,37.6326,16,7915,1638,2601,893,8.355,NEAR BAY,500000
-123.3926,33.4574,5,6767,1170,1238,341,2.6057,INLAND,195688
-120.5919,34.8238,4,12916,2151,3016,1145,14.884,NEAR BAY,500000
-121.6396,32.6666,21,3659,456,2365,625,5.2345,INLAND,303485
-121.8564,36.9564,40,6317,1082,2725,887,9.8899,INLAND,500000
-114.4058,35.3819,51,4192,921,1376,539,9.1373,INLAND,455484
-120.3325,38.1746,14,8037,966,2363,600,11.9913,<1H OCEAN,500000
-115.2333,35.344,39,403,68,112,40,5.1137,INLAND,392571
-117.8998,35.3692,31,14731,4104,7101,2250,11.583,INLAND,500000
-116.227,39.536,14,2975,674,1070,269,6.355,NEAR OCEAN,418749
-119.213,33.0025,6,10724,2460,6785,1954,6.7563,NEAR OCEAN,500000
-118.454,41.0372,12,2192,422,1078,472,10.418,INLAND,460854
-119.3165,40.5613,16,2443,590,1333,472,11.98,<1H OCEAN,500000
-122.3546,38.8274,17,8698,1341,2577,1158,10.3361,<1H OCEAN,500000
-116.9665,38.1263,45,1887,504,357,126,13.5983,<1H OCEAN,500000
-121.4805,40.9376,23,4309,607,1697,608,4.9922,INLAND,319247
-124.1015,34.2921,14,2060,490,633,207,13.6086,<1H OCEAN,500000
-117.7533,33.2923,7,10353,1878,2599,810,2.8321,INLAND,328967
-122.5399,34.8014,46,5376,1368,3367,1011,10.2334,INLAND,500000
-114.7385,40.019,32,922,201,342,108,8.6668,NEAR OCEAN,500000
-114.6008,32.8759,15,9171,1847,2176,744,7.9249,NEAR OCEAN,461721
-115.0001,38.0284,44,13721,2064,3420,986,5.3528,INLAND,383583
-120.567,41.9071,17,8920,2092,2589,763,8.0523,<1H OCEAN,465674
-124.192,40.5935,41,5093,1504,3308,1006,3.2648,INLAND,374859
-114.8626,37.4516,47,543,145,154,52,6.1705,<1H OCEAN,419508
-119.974,33.1482,44,12178,1592,3828,1456,2.3815,<1H OCEAN,391130
-114.4708,40.3649,34,12074,2266,5791,2439,9.0059,<1H OCEAN,500000
-114.5018,38.1804,5,5598,1604,1662,510,2.3408,<1H OCEAN,345428
-115.6322,33.6304,45,8600,1810,2217,635,3.2448,<1H OCEAN,424564
-121.3407,33.4323,27,4936,1180,1131,368,2.1965,<1H OCEAN,425379
-120.4143,41.1005,52,3606,1025,1104,473,6.3383,<1H OCEAN,460746
-115.6514,38.8405,23,9703,2690,1969,496,12.7874,INLAND,500000
-121.1111,40.3453,40,10691,2248,1703,656,13.6965,NEAR BAY,500000
-122.6178,40.8124,14,11728,2331,6477,2237,2.0065,NEAR OCEAN,342204
-118.6595,37.9247,15,14806,2682,3241,914,9.8837,<1H OCEAN,500000
-114.7825,37.414,43,10339,2578,5562,1747,10.5814,INLAND,500000
-117.2366,36.596,33,1119,192,614,181,8.4728,NEAR OCEAN,500000
-118.524,35.5293,31,6019,993,2521,1072,10.3378,<1H OCEAN,500000
-123.3569,36.6352,35,2244,413,684,236,4.2717,NEAR OCEAN,438266
-118.0646,39.8245,17,618,93,137,49,7.855,INLAND,483281
-114.2316,38.2081,28,1949,477,1010,372,6.4723,NEAR BAY,500000
-122.9183,40.9397,19,11234,2594,5063,1913,2.2559,NEAR OCEAN,333661
-119.0527,36.7178,46,7578,1568,3620,1263,9.7578,INLAND,500000
-115.3832,38.2566,23,13876,2640,2141,542,7.933,INLAND,442567
-116.7793,38.4843,32,1299,368,797,252,4.8524,<1H OCEAN,465006
-117.2265,38.112,40,3592,449,657,188,7.6316,<1H OCEAN,484647
-117.1706,39.1548,13,2972,768,990,382,11.8542,INLAND,500000
-120.676,34.7819,20,10872,3069,3819,998,12.2232,<1H OCEAN,500000
-121.3495,37.3662,35,14644,2933,2206,800,10.0934,<1H OCEAN,500000
-116.0783,33.5297,5,6984,1530,2783,812,7.5485,<1H OCEAN,500000
-116.0706,36.1644,9,1745,506,918,403,9.0605,NEAR OCEAN,500000
-115.4885,37.1341,29,1270,200,713,226,6.3902,<1H OCEAN,500000
-115.0167,38.6809,6,6722,1435,3963,1248,2.7718,<1H OCEAN,362382
-119.1241,41.485,25,2050,421,807,350,6.3987,INLAND,429402
-119.2245,38.1961,31,13607,2265,6331,2111,8.4247,INLAND,463699
-116.1914,39.5398,22,5253,1404,996,440,9.3837,<1H OCEAN,500000
-117.7074,37.3089,2,12590,3549,4960,1263,14.1012,NEAR BAY,500000
-117.1759,38.5106,45,3139,818,713,221,11.8827,INLAND,500000
-116.217,33.2168,5,13657,2119,4572,1752,3.1279,INLAND,339696
-115.2541,34.9413,27,10295,1396,3239,1386,3.4386,<1H OCEAN,394225
-120.8957,35.9514,25,7394,1693,2674,805,2.4069,INLAND,347596
-120.5115,36.9914,8,6051,788,2637,1149,11.3345,NEAR OCEAN,500000
-123.3895,32.9791,1,6873,1657,4133,1524,10.8857,<1H OCEAN,500000
-118.44,33.8662,20,878,189,304,124,14.8091,INLAND,500000
-123.9827,35.1521,44,14456,3459,9260,3050,8.3083,<1H OCEAN,500000
-119.5916,41.6824,23,1188,268,629,183,12.5698,NEAR BAY,500000
-118.8042,35.6647,32,13593,2665,5515,2383,9.0702,<1H OCEAN,500000
-121.4215,37.0812,11,10867,1696,5129,2239,13.2372,NEAR OCEAN,500000
-118.3117,34.3933,39,9999,1750,2010,702,11.0943,<1H OCEAN,500000
-124.0383,38.2913,47,11261,2414,6444,1619,10.0004,INLAND,500000
-123.9683,35.1884,24,1702,403,750,203,8.9117,INLAND,364142
-115.943,34.4957,11,1989,517,1278,465,11.1216,<1H OCEAN,500000
-120.6689,37.4058,29,5481,1414,2566,653,6.8752,INLAND,444510
-123.0514,32.6018,26,5227,1542,2964,976,2.3521,<1H OCEAN,399179
-119.0127,32.622,16,1625,278,893,277,1.5598,<1H OCEAN,252904
-116.4807,34.6092,35,13549,1799,4372,1717,7.7063,NEAR OCEAN,500000
-122.1443,32.8952,20,14466,2635,4047,1056,9.3901,<1H OCEAN,500000
-117.9841,33.5654,46,6854,1739,2503,870,2.1039,INLAND,279346
-123.4777,35.7353,3,2640,524,1012,370,5.0166,<1H OCEAN,348344
-123.8218,40.0943,1,10434,2787,2817,1052,5.5085,<1H OCEAN,412221
-118.9196,37.9273,47,7056,1544,4214,1394,8.8791,INLAND,482833
-118.8247,37.3691,1,7567,2174,3187,990,4.8988,INLAND,308289
-117.8355,35.3088,17,9670,2810,6181,2388,2.3391,<1H OCEAN,315198
-116.9293,41.3085,2,13690,1813,7598,3187,3.308,INLAND,306619
-114.3768,36.2819,29,2794,564,1195,464,3.4353,<1H OCEAN,319427
-119.0734,33.3687,20,4889,1123,3048,1330,12.7977,NEAR OCEAN,500000
-121.0494,38.3504,6,2636,437,1060,417,4.9805,<1H OCEAN,394150
-116.2232,33.6201,8,5717,1104,3393,1367,11.0057,<1H OCEAN,500000
-121.5821,35.7951,29,12195,2950,4013,1138,8.9497,NEAR OCEAN,500000
-119.8637,37.3197,48,10597,1704,3595,1200,14.6785,<1H OCEAN,500000
-123.5482,40.7677,51,9419,2150,3382,1173,4.8195,<1H OCEAN,387380
-124.0909,37.1893,33,6510,1598,2755,829,3.2172,INLAND,273543
-114.5117,39.1512,3,3739,509,1595,567,1.7285,NEAR OCEAN,324554
-115.8063,41.8825,35,13447,2817,5354,1649,4.3734,NEAR BAY,500000
-117.2371,33.786,5,14944,2500,4528,1754,10.577,INLAND,500000
-120.1705,35.1325,27,3683,922,2259,777,2.1936,INLAND,231487
-122.5789,36.259,44,7571,1166,3363,1149,4.4258,INLAND,409052
-122.7512,36.5152,12,2441,684,863,385,12.9743,INLAND,500000
-121.7925,36.4136,20,6578,1299,3128,1027,9.1613,<1H OCEAN,500000
-118.7369,41.0815,45,2965,461,1583,510,1.9733,NEAR BAY,383484
-117.0468,39.2619,20,9565,1901,6029,1891,1.6676,<1H OCEAN,280649
-117.6028,38.2643,9,11622,2249,4646,1992,1.8557,<1H OCEAN,363158
-121.4891,35.4581,39,11742,2315,2419,845,14.1863,NEAR OCEAN,500000
-114.5913,40.2936,4,5111,1152,1893,700,12.8982,INLAND,500000
-116.8087,41.5276,51,603,128,234,66,12.8292,<1H OCEAN,500000
-118.6845,40.2693,19,13380,1966,8007,2868,13.939,<1H OCEAN,500000
-118.0982,32.5647,38,11117,1465,3862,1177,8.0736,INLAND,480166
-120.0617,38.5322,27,3582,900,2244,888,4.4628,INLAND,359129
-121.8182,33.0307,45,4363,963,1712,713,6.6189,INLAND,403337
-120.712,34.9715,43,7830,1445,4986,1959,11.0641,<1H OCEAN,500000
-116.6048,33.1095,13,287,76,44,17,13.2645,NEAR BAY,500000
-124.2029,38.2257,13,14752,2800,8842,3116,7.0913,<1H OCEAN,405181
-123.1637,39.0039,22,14536,3826,8947,3511,8.4953,INLAND,478931
-123.8799,33.6262,28,9550,1671,6021,2014,14.045,INLAND,500000
-123.9338,36.1581,52,6016,800,941,357,2.505,<1H OCEAN,388980
-115.6072,36.8386,47,5670,1632,1337,403,13.0722,<1H OCEAN,500000
-117.1586,36.0191,45,14675,2803,6998,1847,3.2303,NEAR BAY,400260
-119.5039,33.6876,22,6476,1701,1053,350,7.7741,NEAR OCEAN,497694
-123.3501,36.4881,43,5939,1011,1079,369,4.0579,<1H OCEAN,394287
-119.3257,39.6111,19,4473,1057,1165,350,9.4413,NEAR OCEAN,500000
-119.5111,33.2175,8,11249,3118,4569,1807,8.82,<1H OCEAN,500000
-122.5799,33.3037,52,9773,1246,4133,1094,6.3201,INLAND,422468
-119.916,35.8849,8,6723,1811,1123,330,13.0862,<1H OCEAN,500000
-120.2773,41.4022,42,5203,1159,1223,488,10.2374,NEAR OCEAN,500000
-118.056,38.8346,26,8238,1889,3293,1111,11.0969,<1H OCEAN,500000
-117.8593,38.9295,48,14985,3209,6697,2618,3.1092,INLAND,355832
-123.887,35.952,51,13073,3626,2930,1065,13.3643,NEAR OCEAN,500000
-120.5215,38.1304,26,6806,869,2378,1046,3.3386,<1H OCEAN,356843
-117.9537,32.6452,23,13477,2250,8115,2998,4.119,INLAND,304918
-119.2079,38.5293,43,13619,3781,8844,2237,2.7928,<1H OCEAN,390679
-115.5967,41.1349,13,14657,3743,9433,3023,7.165,INLAND,489029
-117.6182,38.3082,28,2264,278,1337,372,13.4279,<1H OCEAN,500000
-122.6848,40.7628,9,5515,1175,1915,832,4.5343,INLAND,313530
-123.6288,39.3553,20,10766,2318,5310,1437,6.2325,NEAR BAY,500000
-117.7845,33.6832,19,517,99,185,60,12.8449,<1H OCEAN,500000
-124.0791,41.0331,48,1702,295,807,238,9.6494,<1H OCEAN,500000
-118.3634,33.1746,39,6330,1536,1928,808,11.5226,INLAND,500000
-114.7408,37.5693,51,7619,1199,3452,1076,3.996,NEAR OCEAN,374370
-118.4687,33.8861,12,2242,591,923,413,11.0309,NEAR BAY,500000
-120.3829,32.66,15,4798,1269,778,200,4.1865,<1H OCEAN,360645
-117.7756,36.5171,31,10414,2028,5679,1565,14.8224,INLAND,500000
-119.6667,35.3234,14,318,54,49,14,8.8384,NEAR OCEAN,500000
-118.7738,37.1184,11,909,155,269,110,10.7389,NEAR OCEAN,500000
-114.7282,37.9757,26,3757,776,574,244,2.6576,INLAND,225337
-120.404,32.9611,42,12532,3127,4237,1119,4.5092,<1H OCEAN,477770
-114.5266,33.7062,27,12801,2363,2324,596,2.9564,<1H OCEAN,405388
-115.0973,37.8012,11,3450,792,2093,834,6.4624,<1H OCEAN,410139
-122.349,35.7758,38,8261,1560,2956,817,4.9779,NEAR BAY,494038
-123.6411,39.4042,34,8809,1539,3345,925,11.2609,<1H OCEAN,500000
-123.32,38.6815,43,2803,348,910,231,2.5219,INLAND,293830
-124.1638,40.4987,19,12246,1478,5679,1476,11.5288,INLAND,500000
-123.3848,39.0594,6,1301,209,705,213,1.6399,INLAND,274555
-117.3697,36.5914,46,4621,892,2190,575,3.8282,INLAND,312604
-123.6225,38.8759,52,8057,2201,4222,1366,12.0875,INLAND,500000
-121.0901,35.1386,38,11820,3117,7127,2968,11.3989,INLAND,500000
-115.7154,35.4293,49,8377,1408,4873,1536,7.6686,<1H OCEAN,500000
-124.1122,39.9665,42,13927,2284,6782,2682,1.6998,INLAND,246999
-116.0261,36.7463,28,6282,1010,1616,434,9.5385,NEAR OCEAN,500000
-121.4694,40.0548,1,6858,1241,3215,1227,6.6941,NEAR BAY,469432
-123.1424,40.2808,35,2461,516,991,310,5.4314,INLAND,370740
-117.2293,40.6111,40,8221,1635,4181,1672,9.9657,NEAR OCEAN,500000
-117.9222,41.1664,8,12561,2000,7115,1972,7.1126,INLAND,403350
-115.3822,36.6013,52,12026,1725,6269,2693,2.2939,INLAND,332868
-116.8376,35.5473,47,14090,1722,8077,2411,13.8233,NEAR BAY,500000
-116.1384,38.0227,7,708,104,128,41,11.8989,INLAND,498684
-121.4676,36.039,11,2579,636,427,187,1.7893,<1H OCEAN,251874
-122.5366,38.2001,39,11556,1893,3227,1180,8.3509,NEAR BAY,500000
-116.6787,39.1825,4,9079,1855,5450,1761,2.1673,NEAR OCEAN,338792
-116.1041,39.021,25,4952,1121,2782,1223,12.7221,INLAND,500000
-114.227,36.0708,12,14030,3923,6893,2176,9.5822,NEAR BAY,500000
-120.133,34.1185,26,9684,2711,4845,1303,3.4143,<1H OCEAN,320374
-120.548,36.597,38,5695,1447,2923,1313,1.2904,INLAND,246758
-116.4151,33.8904,46,12297,1553,7640,2319,1.4421,INLAND,301022
-120.867,40.9169,12,11467,2563,6491,2727,8.1031,<1H OCEAN,500000
-114.8377,35.8012,43,3409,891,1573,445,11.2812,INLAND,500000
-115.577,34.0019,51,7598,935,3668,1453,2.6918,<1H OCEAN,431169
-119.9657,32.7892,37,6943,1520,1783,632,4.098,<1H OCEAN,417151
-116.6761,38.6207,46,5848,1604,2799,1248,5.5816,INLAND,363030
-116.6386,38.5369,24,5371,1102,1946,701,4.0531,INLAND,317365
-123.2961,35.7517,16,8090,976,1832,467,6.4787,<1H OCEAN,485811
-115.1259,33.2241,13,524,63,289,107,8.8346,NEAR BAY,500000
-119.1863,36.4005,25,13479,2628,5460,1523,10.5891,INLAND,500000
-115.9036,35.4754,52,10385,1535,6633,2717,14.4929,<1H OCEAN,500000
-121.0791,38.9149,4,12368,2963,3597,1515,14.0318,<1H OCEAN,500000
-115.1978,38.2443,11,13204,3269,5153,1785,8.9818,NEAR OCEAN,500000
-120.3724,35.9772,32,11162,1696,4174,1697,11.2781,INLAND,500000
-124.2392,34.5982,49,12764,3573,2685,749,14.3122,<1H OCEAN,500000
-115.097,41.8375,7,10975,2189,3984,1388,2.1686,<1H OCEAN,366420
-123.4171,36.8176,46,3757,547,1103,362,1.0789,INLAND,378020
-121.0866,39.0198,11,3787,975,871,324,1.4172,<1H OCEAN,278344
-114.6404,33.8712,28,351,92,102,26,8.8869,INLAND,481608
-114.6348,37.1145,41,1154,271,307,122,11.6797,NEAR BAY,500000
-118.4895,32.8088,23,13994,3829,7235,1923,6.139,<1H OCEAN,462933
-117.8926,37.3013,45,4554,1150,753,287,8.6333,NEAR OCEAN,500000
-119.7669,41.6118,23,10763,3000,4937,1252,8.2291,NEAR BAY,500000
-121.3534,36.1615,50,7360,1458,3903,1625,2.3268,NEAR BAY,408159
-120.991,32.9166,28,13356,3400,5213,1485,5.5022,NEAR BAY,500000
-117.4769,32.841,43,9583,2874,5901,2083,1.2721,NEAR OCEAN,375089
-116.6607,36.1971,47,887,222,446,134,2.5499,INLAND,266018
-116.2601,34.0542,26,8701,1222,4558,1798,12.366,INLAND,500000
-116.2801,32.7695,25,9894,2110,2458,772,12.6118,INLAND,500000
-123.4179,39.6584,29,3327,750,1792,707,12.2272,NEAR OCEAN,500000
-119.297,36.8601,19,6963,1053,3941,1209,11.1755,<1H OCEAN,500000
-123.7617,35.2689,33,12960,3801,4285,1716,12.1064,<1H OCEAN,500000
-118.7338,41.0108,36,11759,1782,3018,772,10.3938,<1H OCEAN,500000
-119.8376,33.6417,14,14996,2278,5136,1575,10.3777,NEAR OCEAN,500000
-115.2777,41.5356,14,3595,1023,1868,653,10.3431,NEAR OCEAN,500000
-120.7636,35.5013,35,9205,1875,3302,855,8.1966,INLAND,463797
-123.1536,40.901,30,1045,137,541,155,6.0869,<1H OCEAN,404978
-122.8886,38.2177,28,1364,310,282,123,11.2227,INLAND,500000
-116.5674,40.321,17,13154,3003,7274,3239,5.181,<1H OCEAN,432201
-118.0318,41.7997,3,14797,1947,4092,1628,8.6006,INLAND,484149
-123.3165,35.261,16,6104,1801,1675,503,7.067,INLAND,415715
-123.4904,41.5847,46,13931,3035,6201,1873,4.8727,NEAR BAY,500000
-117.1861,36.2111,30,10159,2242,1880,712,14.6457,INLAND,500000
-123.6064,36.1738,52,5560,1187,907,248,4.6225,INLAND,407405
-115.9506,35.7496,29,554,127,155,68,5.3301,INLAND,352198
-117.1322,37.6392,45,2072,347,868,256,3.2622,INLAND,346682
-123.5186,33.999,15,2224,381,1342,603,12.5217,<1H OCEAN,500000
-123.483,37.7549,46,3017,639,1729,603,9.2123,INLAND,500000
-114.2665,37.642,25,4032,1069,1593,644,9.5825,NEAR BAY,500000
-120.525,39.7119,51,12667,1633,2134,534,12.4879,INLAND,500000
-120.562,40.3863,38,8457,1933,3531,1510,5.8009,INLAND,394471
-116.0432,36.6901,42,13307,3529,6685,2032,3.7109,NEAR BAY,500000
-114.6691,35.3919,47,13859,2054,4429,1698,3.7777,NEAR OCEAN,435120
-114.2731,34.9877,52,12658,1553,2601,1069,11.2567,INLAND,500000
-116.6505,34.3795,38,12482,2200,3610,1021,9.5976,INLAND,500000
-120.5046,33.0919,23,10913,2464,5847,1979,3.8887,NEAR BAY,462831
-123.4966,35.769,25,2781,402,905,315,3.0309,NEAR BAY,450624
-116.4076,35.0903,42,9782,1924,5438,1698,2.6896,NEAR BAY,417318
-118.6431,41.6343,7,9522,2089,2949,1021,9.7892,INLAND,493795
-120.0145,37.7925,22,2686,611,622,195,1.0017,INLAND,251577
-115.0871,35.8144,17,9226,1562,3394,1093,1.2565,<1H OCEAN,262340
-123.2136,38.0064,18,8618,1654,3241,1244,6.4537,INLAND,414326
-119.3154,33.8584,49,11907,3097,1881,708,10.6789,NEAR BAY,500000
-124.234,36.724,41,12929,3741,2695,798,10.7306,NEAR OCEAN,500000
-119.5603,38.4366,10,2643,727,640,274,7.0217,INLAND,354472
-123.7746,37.1456,10,9119,2020,1885,796,10.675,INLAND,500000
-123.1357,36.3267,7,14092,2731,4520,1590,8.2953,<1H OCEAN,500000
-123.1489,41.8922,48,14619,2630,9243,3111,14.677,INLAND,500000
-117.7151,40.825,50,12078,1721,4886,1589,3.2744,INLAND,366188
-116.7254,38.41,38,12014,1672,5571,2180,9.4093,INLAND,478727
-118.388,37.9021,27,1236,301,405,155,7.8773,<1H OCEAN,443426
-114.5166,38.3842,52,10224,1704,3187,921,3.7225,INLAND,392310
-120.5188,34.4423,33,14336,2377,2316,890,11.4999,<1H OCEAN,500000
-121.43,36.2643,1,11132,3335,4454,1338,4.8571,NEAR BAY,467579
-115.4729,32.9209,44,8884,1366,3480,882,6.3439,INLAND,431921
-122.0649,37.0201,34,7635,1119,1747,681,6.2476,NEAR BAY,500000
-114.5059,37.6544,4,1748,240,930,352,4.4189,<1H OCEAN,379780
-124.2258,34.6908,17,9535,2139,3779,1255,7.0299,<1H OCEAN,429376
-114.4378,41.6119,4,5265,1226,1682,597,7.6268,INLAND,458977
-123.9089,41.0989,43,6696,1243,1496,657,11.4191,NEAR OCEAN,500000
-115.2425,39.3381,26,6383,1381,2719,1003,11.711,INLAND,500000
-118.9569,37.5638,4,4157,1088,2188,834,3.2198,<1H OCEAN,404486
-114.2019,40.7277,1,3607,964,1049,275,9.2988,<1H OCEAN,500000
-123.5958,33.7781,7,839,245,217,61,13.5468,INLAND,500000
-118.6896,39.9808,30,372,99,152,47,2.523,<1H OCEAN,319780
-114.4437,33.7233,50,5866,1300,1335,477,7.6208,<1H OCEAN,500000
-119.0039,40.0156,9,4554,693,2200,891,11.5049,INLAND,463843
-117.9175,35.1422,35,4159,573,1882,591,9.5609,<1H OCEAN,500000
-117.2394,40.7947,8,8908,1156,1724,553,2.4082,<1H OCEAN,283648
-119.7046,41.424,24,8914,2139,1499,451,6.5525,<1H OCEAN,483599
-117.9364,33.9487,19,10309,2735,4743,1427,8.1014,ISLAND,500000
-118.3783,36.8992,36,3086,652,916,402,14.9418,INLAND,500000
-115.1402,41.7713,50,2364,306,456,171,3.5005,NEAR BAY,427925
-123.8855,37.094,52,14719,3184,7796,2192,14.7539,<1H OCEAN,500000
-121.4786,40.6673,43,10321,2976,3168,1249,6.2661,NEAR OCEAN,500000
-114.6368,38.0841,27,4145,943,1574,620,3.8045,<1H OCEAN,402667
-115.2515,36.0781,32,5435,1444,1458,558,6.7975,INLAND,376421
-119.6932,35.2364,14,10601,2798,4915,1361,9.5959,NEAR OCEAN,500000
-118.0122,34.4603,18,7946,2286,2389,792,3.989,NEAR OCEAN,420988
-121.5152,39.7109,28,12175,3148,7719,2094,5.0801,NEAR OCEAN,494963
-122.4274,36.1835,29,2790,710,1399,578,12.9637,NEAR OCEAN,500000
-119.611,37.356,16,7954,1289,1736,661,14.9861,<1H OCEAN,500000
-120.7387,37.1779,35,5134,671,1839,646,5.4544,INLAND,385894
-118.385,37.9764,47,4276,911,1465,466,3.084,INLAND,307417
-123.5556,40.6864,31,5385,766,2246,644,12.1044,NEAR OCEAN,500000
-114.3917,41.7689,4,1293,379,738,200,9.4064,<1H OCEAN,482973
-114.2709,36.3813,37,4080,702,1802,799,2.4056,NEAR BAY,387346
-117.2148,40.3287,17,10886,2977,1967,570,14.2548,INLAND,500000
-118.8711,39.7366,39,6759,1282,3228,845,2.0927,INLAND,356469
-121.1866,37.9412,48,10971,1954,1690,747,9.755,<1H OCEAN,500000
-116.033,41.5368,46,10880,3137,5874,2113,6.9351,INLAND,399271
-117.352,34.4345,26,2985,553,1442,590,8.7927,INLAND,450414
-122.6881,33.5771,48,6265,1191,1907,493,3.985,INLAND,309450
-115.0403,40.5772,39,14999,2086,4443,1614,10.6335,NEAR BAY,500000
-115.9437,36.678,41,6739,1621,3700,1219,14.4361,INLAND,500000
-114.643,40.5115,4,11150,1917,6039,2442,7.418,INLAND,422210
-116.9331,40.945,30,1774,399,578,148,8.3214,NEAR OCEAN,500000
-118.0809,33.1371,30,5876,1330,1759,581,4.3574,INLAND,370913
-120.0756,40.8546,22,14930,3724,6418,2630,13.4862,INLAND,500000
-114.8175,36.7642,11,10765,2735,1659,588,14.5964,<1H OCEAN,500000
-115.4988,37.3481,2,8260,1756,1580,568,12.0082,INLAND,500000
-123.8879,38.44,44,4190,752,892,240,8.5988,INLAND,479247
-124.0805,41.258,12,5410,1464,1313,363,14.3952,NEAR OCEAN,500000
-120.5025,32.7297,30,5045,886,2048,789,3.1539,<1H OCEAN,386997
-116.0661,37.0323,36,9485,2004,6128,2359,7.6989,<1H OCEAN,500000
-114.26,39.0146,18,1389,267,661,294,8.5265,INLAND,437408
-122.8127,39.3434,26,2889,791,521,204,7.8868,<1H OCEAN,500000
-118.278,39.0598,7,4295,849,1772,617,12.2339,INLAND,500000
-120.4573,33.8137,1,14749,2794,5874,2475,10.3856,INLAND,493820
-114.4375,35.3643,26,2075,506,460,124,2.7732,INLAND,365557
-115.7435,35.9219,23,7968,1820,4861,1652,5.8503,NEAR OCEAN,458011
-115.7823,40.1117,26,3606,502,1335,410,5.7471,INLAND,376567
-119.56,35.1703,45,10179,2152,6588,1784,8.9189,INLAND,472264
-120.1105,34.5306,6,14904,3761,5365,2160,5.0804,<1H OCEAN,450720
-121.5558,41.55,6,4132,1233,1875,660,2.6418,INLAND,333410
-123.7738,32.6333,44,9999,2332,2023,731,10.1516,NEAR OCEAN,500000
-115.5125,41.9295,8,12140,2265,4578,1521,12.9145,<1H OCEAN,500000
-116.0422,38.9121,24,8440,1356,2273,777,14.0425,INLAND,500000
-114.1329,40.3376,22,13563,3758,7700,2103,14.6161,<1H OCEAN,500000
-114.1644,35.3194,19,5608,1495,3039,1168,11.9356,<1H OCEAN,500000
-118.6735,32.6846,37,4061,658,2282,767,2.9558,<1H OCEAN,325082
-116.4909,39.486,18,14137,2206,7235,2990,12.9436,<1H OCEAN,500000
-114.6945,40.391,31,7606,1891,4307,1245,6.5994,NEAR BAY,500000
-115.6666,39.5105,37,10572,1867,2647,770,11.2188,INLAND,500000
-121.8221,33.8928,30,11438,2003,4300,1630,8.4378,<1H OCEAN,500000
-119.7454,39.6322,42,3033,447,1504,630,12.6005,NEAR OCEAN,500000
-123.03,39.7779,33,5485,918,2570,885,6.9571,<1H OCEAN,481862
-114.5996,38.7403,10,9789,1927,4974,1966,1.8651,INLAND,300477
-118.1549,39.7515,37,14908,3755,3907,1757,8.7955,<1H OCEAN,500000
-122.0133,40.5017,12,14316,2584,2851,1277,3.3981,<1H OCEAN,367212
-117.4852,38.3179,30,7845,1405,4772,1903,14.5172,NEAR OCEAN,500000
-118.0327,33.3829,27,12218,2092,5254,2090,8.3775,<1H OCEAN,500000
-120.6896,37.1337,39,12966,2672,2942,881,8.7498,NEAR OCEAN,500000
-123.1894,33.2799,9,9223,1406,5042,2101,13.7017,INLAND,500000
-117.4865,36.3809,21,11089,2300,6736,2229,9.7442,<1H OCEAN,500000
-119.0325,36.3768,12,14102,3479,3310,1464,5.2382,INLAND,357397
-116.4569,33.1705,29,4977,623,2780,740,5.1453,INLAND,349257
-119.0339,35.8289,33,2935,357,1809,609,8.0221,<1H OCEAN,454873
-115.6407,33.5934,43,13811,1844,8551,3088,13.1325,<1H OCEAN,500000
-118.7095,40.1474,15,8473,1833,5143,1702,12.1262,<1H OCEAN,500000
-118.6172,41.4583,2,8478,2321,3587,1047,14.4784,NEAR BAY,500000
-115.3906,33.2298,52,6568,793,2154,793,2.0064,INLAND,302249
-120.2264,41.5281,39,10455,3017,1606,644,4.7566,<1H OCEAN,450926
-122.9804,37.4622,44,1021,142,184,69,2.1229,NEAR OCEAN,359530
-124.0558,35.3659,18,7725,2097,2815,835,11.5151,<1H OCEAN,500000
-116.6325,33.2725,3,362,74,126,49,2.9717,<1H OCEAN,379377
-118.0104,37.2559,7,7977,1903,1933,582,2.3984,<1H OCEAN,374407
-117.1543,40.0184,43,12131,2570,4218,1202,8.8634,INLAND,500000
-122.1735,39.1966,18,10789,2221,2560,993,6.7608,<1H OCEAN,469810
-122.9563,33.0221,44,2132,576,1224,512,11.0114,INLAND,500000
-124.2014,33.2353,38,11120,2847,3325,1151,7.8182,NEAR OCEAN,500000
-120.767,36.337,37,3735,773,1678,597,6.9547,<1H OCEAN,500000
-118.321,35.3257,33,14338,2008,5755,1787,6.957,<1H OCEAN,481539
-120.3413,34.7344,44,6156,866,1083,377,13.2063,INLAND,500000
-119.879,35.1914,31,3646,963,2264,625,6.5332,INLAND,397799
-115.1095,40.1027,11,13603,2928,5626,2482,5.6676,NEAR BAY,500000
-120.7908,41.2847,4,14716,3041,4599,1885,5.7395,INLAND,396871
-119.097,36.358,18,2990,725,684,262,3.7524,<1H OCEAN,421669
-116.3411,41.0674,4,2907,798,928,331,13.0496,<1H OCEAN,500000
-120.2973,35.5721,49,8159,1902,1307,533,3.0528,<1H OCEAN,442835
-117.9923,37.0285,34,14370,3697,4767,1663,13.7206,INLAND,500000
-115.5366,34.6747,29,4133,1065,1718,532,4.9685,<1H OCEAN,409781
-114.6459,38.5705,24,3585,660,2100,592,13.592,<1H OCEAN,500000
-122.8469,41.7524,22,6836,1157,3374,1280,12.0715,INLAND,500000
-114.8803,38.2228,2,1122,296,230,100,9.1478,<1H OCEAN,500000
-119.3206,35.9135,44,8289,1557,1855,520,10.3726,INLAND,500000
-121.7107,38.6395,6,10567,2986,3847,1100,5.5618,<1H OCEAN,396454
-119.6576,33.7055,42,13937,1847,3454,1163,9.0392,NEAR BAY,500000
-114.3341,40.9034,25,9974,1301,1634,672,5.0936,<1H OCEAN,404652
-119.3154,37.279,21,764,219,422,130,6.6318,NEAR BAY,500000
-120.9902,36.7739,16,3458,818,552,166,11.7053,<1H OCEAN,500000
-117.8766,38.0571,31,10989,2069,6212,2323,4.4151,NEAR OCEAN,450626
-121.8957,38.423,14,2700,690,599,213,12.7438,<1H OCEAN,500000
-123.5747,33.2247,39,4766,1148,3037,795,6.2624,INLAND,390072
-123.0328,38.9666,28,9379,2022,4238,1128,8.4504,<1H OCEAN,500000
-123.0414,34.8242,32,7081,975,3664,1387,14.1874,INLAND,500000
-122.7976,39.2612,28,3836,1021,787,269,10.5376,INLAND,500000
-122.9312,40.2818,51,6230,1718,3619,1607,10.0385,INLAND,500000
-117.8003,40.1072,49,423,63,240,92,10.9625,INLAND,500000
-122.4912,37.7435,9,6497,1774,3095,779,13.8536,<1H OCEAN,500000
-120.8173,37.4396,45,550,152,220,76,4.4792,<1H OCEAN,414512
-115.1848,33.893,22,7514,1644,3837,1277,9.5854,INLAND,452774
-119.5061,39.8383,32,2128,506,325,88,6.6055,<1H OCEAN,441116
-117.5276,35.1012,5,7943,1499,3544,1540,1.166,<1H OCEAN,277944
-122.5889,37.2189,23,8740,1492,5014,2060,2.7542,<1H OCEAN,389104
-122.3848,35.2222,5,12669,3166,4161,1231,5.5499,<1H OCEAN,402774
-123.9323,33.808,42,4932,1356,1006,303,8.91,INLAND,500000
-122.6235,38.4678,32,1217,289,438,112,13.3406,INLAND,500000
-121.5028,33.0607,10,2426,514,1245,385,12.0756,NEAR BAY,500000
-122.541,39.5873,39,7406,1100,1508,553,8.7467,INLAND,500000
-123.4435,35.5353,15,13259,1718,3354,1120,2.0342,NEAR BAY,359697
-123.1171,32.5513,7,7370,1475,1649,731,5.0027,INLAND,334567
-119.6408,37.3546,29,13503,1740,7406,1934,6.1339,NEAR BAY,500000
-122.2413,32.9904,47,6407,1425,1162,427,9.704,NEAR OCEAN,500000
-120.6272,35.146,3,12516,2364,6174,2603,1.9089,INLAND,207472
-119.2051,39.1956,19,2619,671,872,301,8.4227,INLAND,421848
-117.2942,33.1393,10,6440,1127,3399,851,13.6205,<1H OCEAN,500000
-123.9482,40.4398,28,2093,474,1323,394,10.8761,<1H OCEAN,500000
-116.18,32.5859,29,13953,3024,2892,910,12.1591,NEAR BAY,500000
-117.9329,34.8701,15,5522,667,1696,751,10.5435,NEAR BAY,500000
-123.5144,39.5145,35,11432,1520,6345,2743,3.8922,INLAND,347171
-115.422,35.5229,6,10460,1801,2961,1302,2.5468,NEAR OCEAN,381645
-114.9387,33.5078,12,7918,2207,2039,846,12.6129,NEAR BAY,500000
-123.7258,35.9362,47,7078,1036,3982,1275,10.7371,INLAND,500000
-121.5203,35.0917,38,1325,328,852,367,9.0509,INLAND,500000
-116.1106,40.4715,13,3317,979,1421,634,3.65,INLAND,310499
-116.7028,35.4955,29,4361,1143,1260,403,9.4468,INLAND,500000
-122.4642,39.966,19,4242,694,1481,447,1.4385,<1H OCEAN,292585
-122.2104,40.9336,3,13622,3861,3202,1150,2.6637,INLAND,230777
-120.5638,36.6279,8,4633,633,2459,706,5.3665,INLAND,404708
-119.3982,41.1035,8,10562,2157,5669,1454,7.2123,INLAND,446830
-118.0314,36.0968,20,14216,3977,8352,3667,2.6879,NEAR OCEAN,431268
-120.5797,41.6123,47,8838,2080,1443,627,2.6792,<1H OCEAN,428923
-119.6229,33.3893,4,2858,555,1231,347,11.1625,<1H OCEAN,500000
-116.7108,39.008,51,11754,2029,3022,1001,8.9761,NEAR OCEAN,500000
-123.9751,37.1919,21,11110,2083,3560,1481,8.4724,INLAND,465601
-121.7701,36.1939,3,3683,779,1997,763,7.3341,<1H OCEAN,480166
-117.0596,38.4975,45,3144,557,773,254,14.6716,INLAND,500000
-115.201,39.1663,8,12768,3759,5990,2389,1.6972,INLAND,205886
-119.1207,32.591,23,7410,2133,3536,1518,3.5288,NEAR BAY,440752
-118.9118,34.1194,16,7853,2173,4924,2143,10.0651,INLAND,500000
-123.2547,39.2526,13,8987,1760,4831,1573,2.9091,<1H OCEAN,361974
-119.7774,38.814,3,2186,534,1206,343,9.2513,INLAND,500000
-118.9067,41.6308,48,11142,3147,4632,2003,8.9487,NEAR OCEAN,500000
-121.872,39.7038,9,1274,347,310,83,14.5941,INLAND,500000
-121.5983,41.4873,14,12361,2405,4484,1768,13.3674,NEAR OCEAN,500000
-120.4942,39.1539,13,4505,631,1913,532,14.2377,<1H OCEAN,500000
-124.1449,35.3517,7,12613,1685,6170,2023,2.5904,NEAR OCEAN,344178
-121.0584,33.5404,15,12979,2905,5890,1957,13.1541,NEAR OCEAN,500000
-122.189,39.8991,7,11972,2821,4154,1170,2.8073,INLAND,290107
-121.003,38.605,38,3207,875,906,393,9.8611,<1H OCEAN,500000
-123.126,33.0029,34,1169,201,273,68,11.0811,NEAR OCEAN,500000
-115.2488,35.9345,41,8972,1347,4458,1911,3.2519,INLAND,329004
-118.2835,41.5439,22,3024,569,1429,609,9.8572,NEAR OCEAN,500000
-117.4096,37.2538,24,14793,2716,7303,2288,1.7344,INLAND,216624
-116.2847,36.6177,49,12393,1782,4167,1628,5.1057,<1H OCEAN,428298
-119.2559,36.8524,37,1411,340,396,119,13.8962,<1H OCEAN,500000
-123.4617,34.5135,44,429,90,227,91,3.4042,INLAND,271964
-118.8608,36.0158,1,4484,1120,2407,871,1.9138,INLAND,224416
-118.3525,36.0262,10,14545,2668,5495,1703,7.2115,INLAND,400464
-116.7316,33.0421,43,3385,604,1543,509,12.9087,INLAND,500000
-119.9384,39.7651,16,701,143,236,91,2.0734,NEAR OCEAN,339225
-123.0461,36.4651,46,10524,2924,5272,2273,5.9775,<1H OCEAN,500000
-121.4498,40.2785,8,248,31,140,38,13.5968,<1H OCEAN,500000
-120.6393,40.5433,49,3766,997,1860,677,2.6542,NEAR OCEAN,348866
-117.7487,34.5427,25,3255,606,1322,397,5.3494,INLAND,402679
-118.5166,38.7291,50,9080,2486,3444,1412,11.8979,INLAND,500000
-120.7107,36.9894,12,586,154,276,72,8.605,INLAND,390282
-114.2678,40.8235,25,1169,213,572,221,12.6527,INLAND,500000
-118.159,34.578,17,11852,2902,5088,1450,2.5623,<1H OCEAN,317689
-121.9255,38.9214,26,9397,1397,4345,1604,13.8878,INLAND,500000
-123.3098,38.2629,46,14753,4150,2925,1220,14.0888,ISLAND,500000
-122.7878,35.3258,48,6020,1160,3767,1510,3.1744,INLAND,346144
-121.8363,33.834,14,14492,2927,7903,3165,1.4743,<1H OCEAN,328286
-122.7078,38.6754,41,3252,803,1095,387,14.8578,NEAR OCEAN,500000
-122.4433,39.4928,36,11809,3161,5094,2180,7.7515,INLAND,488887
-121.4363,35.5169,23,7597,1234,1319,484,9.0091,<1H OCEAN,500000
-122.5781,38.6114,43,2502,598,426,184,9.6227,NEAR OCEAN,500000
-115.1851,36.2642,6,2483,473,683,245,12.0554,<1H OCEAN,500000
-123.53,39.2541,47,9999,1863,4948,1737,12.3678,NEAR BAY,500000
-118.9895,34.4226,5,14277,3486,8224,2421,3.715,INLAND,348464
-120.1557,40.918,43,4566,866,1961,703,4.3129,INLAND,407366
-114.3101,35.2517,25,322,58,133,36,13.2757,INLAND,500000
-123.205,36.0072,18,6999,1892,2457,1041,12.4732,<1H OCEAN,500000
-120.2839,33.0961,13,9672,1336,2232,859,9.6467,INLAND,470200
-114.442,33.5982,43,3927,949,821,368,14.9258,NEAR BAY,500000
-115.5045,37.3991,14,13932,2295,7388,1983,11.2926,NEAR OCEAN,500000
-115.9995,35.0654,28,8650,1062,5308,1582,4.0217,INLAND,327691
-121.7142,40.4035,18,9339,1401,3540,1506,12.853,NEAR BAY,500000
-122.6035,32.6881,28,14582,3342,6995,2301,6.8063,<1H OCEAN,496882
-117.5165,36.1135,51,5158,1277,3132,1075,1.5061,<1H OCEAN,359833
-114.8518,35.721,27,724,89,141,59,5.4999,<1H OCEAN,391518
-118.6599,32.7317,32,9279,1174,4966,1759,11.6897,INLAND,500000
-118.5081,33.7191,47,8599,2428,3941,1137,14.4429,NEAR OCEAN,500000
-121.4886,36.4382,9,11774,1568,5290,2266,4.8659,INLAND,390821
-116.4858,37.1829,40,11186,3142,3314,849,4.4512,NEAR BAY,500000
-122.4384,36.3503,32,348,56,171,73,8.8906,INLAND,481015
-121.042,37.5408,20,8201,2076,4489,1167,12.3636,INLAND,500000
-120.002,38.1442,28,637,111,131,50,11.4514,<1H OCEAN,500000
-119.1622,32.6433,33,10594,2908,4415,1167,8.8394,NEAR BAY,500000
-121.8726,36.9125,4,3949,971,792,309,9.8395,<1H OCEAN,475991
-123.1764,41.6069,46,11553,2221,6773,1739,4.3894,INLAND,414382
-118.1095,37.4289,34,14209,1900,5737,2400,7.056,<1H OCEAN,500000
-121.4002,38.9189,48,12293,3096,6810,2337,4.5751,<1H OCEAN,497095
-118.4097,35.4815,3,8386,1937,2801,752,13.3819,INLAND,500000
-122.7724,39.8255,26,4653,560,988,386,2.5758,<1H OCEAN,339552
-119.4327,39.8155,8,11637,1416,1987,691,10.5164,NEAR BAY,500000
-118.9069,37.4502,6,5536,1470,1609,463,4.644,INLAND,356736
-123.8204,41.7245,16,14418,2403,3923,993,7.6581,INLAND,410637
-120.9099,33.7302,24,4751,1114,2043,681,5.1918,INLAND,357914
-122.9763,32.7093,48,3023,609,486,129,5.5254,INLAND,401593
-123.7023,39.7895,39,5928,1632,2432,653,4.6455,NEAR BAY,464478
-114.2326,40.1373,30,13116,3738,4536,1376,11.5391,<1H OCEAN,500000
-121.0555,33.6799,45,11662,3491,5114,1923,6.12,<1H OCEAN,474664
-116.0731,35.0465,13,8877,1310,4449,1583,11.169,<1H OCEAN,500000
-121.7476,32.715,5,8591,2365,4012,1058,7.385,NEAR OCEAN,463155
-117.385,35.3071,25,12858,2158,8258,3663,8.6614,NEAR BAY,500000
-116.5805,39.8175,20,13501,3055,2958,1264,8.606,<1H OCEAN,500000
-118.2626,37.4188,18,2182,460,796,240,14.6619,INLAND,500000
-119.5305,35.8221,47,7196,886,2607,715,6.1389,<1H OCEAN,461001
-120.141,36.0443,18,9863,2839,3536,1550,3.9076,<1H OCEAN,380579
-120.7846,32.5627,2,12735,1707,6136,2099,13.7651,INLAND,500000
-114.8502,35.3681,10,13275,3237,5242,1636,3.4478,<1H OCEAN,408360
-115.8611,38.6267,45,2511,656,1026,357,12.6819,INLAND,500000
-114.4874,41.7074,50,7425,1953,2718,1099,3.103,INLAND,353031
-123.0797,40.5124,47,11765,1698,7598,2155,10.2221,NEAR OCEAN,500000
-116.8805,32.7718,12,10470,2099,6426,2592,3.1076,INLAND,319499
-114.7602,40.9965,47,9913,2669,3012,1204,13.9232,INLAND,500000
-122.4978,39.9121,13,13760,2400,2831,1013,8.9101,INLAND,472920
-123.6704,39.8855,50,804,164,458,193,5.6098,<1H OCEAN,393353
-116.7757,36.8552,47,8375,1416,5431,1501,2.9645,INLAND,321384
-118.4789,36.2912,11,12240,2490,3626,1338,6.1967,<1H OCEAN,452273
-115.7465,35.3974,19,11734,3283,3859,1311,10.8703,<1H OCEAN,500000
-122.9215,33.1675,35,5985,1208,3715,1242,6.3893,INLAND,384155
-116.2224,34.6954,39,9809,2158,4959,1490,4.4453,NEAR OCEAN,419411
-122.2894,34.8681,26,14308,2757,4261,1382,9.0837,<1H OCEAN,500000
-122.6774,37.1003,46,4797,972,2113,573,6.8495,<1H OCEAN,469438
-122.6712,39.576,14,7959,976,4951,1486,3.3213,<1H OCEAN,361140
-116.025,37.0038,45,12267,2098,6819,2075,3.1558,INLAND,354854
-117.5517,33.0937,44,7732,1535,4027,1587,10.9045,INLAND,500000
-119.0043,41.5532,24,11325,2650,5871,1524,14.6454,<1H OCEAN,500000
-120.6828,41.4116,41,8940,1797,2136,812,4.2633,NEAR OCEAN,449497
-115.385,39.9308,1,13853,2504,7790,2292,11.8241,NEAR OCEAN,500000
-120.3392,41.8685,51,1038,197,299,79,2.2265,INLAND,270893
-116.0044,37.6681,43,13918,2277,8562,2655,6.3421,INLAND,462140
-119.862,41.6,22,13936,3991,4631,1365,8.0936,INLAND,476098
-120.4976,33.2607,23,4015,858,2324,837,4.7625,INLAND,359761
-119.6214,35.9874,19,1047,128,296,95,8.4141,INLAND,403604
-121.2699,34.6686,18,4909,606,1999,885,13.3566,<1H OCEAN,500000
-116.7094,34.3908,12,4707,1389,957,423,14.2221,INLAND,500000
-119.2122,33.8735,28,6775,1083,3252,1101,2.4078,INLAND,275483
-121.9768,38.4007,28,4973,1317,2824,1155,4.8058,<1H OCEAN,459778
-115.1563,39.8944,33,12646,1650,6439,1626,14.7079,<1H OCEAN,500000
-120.4266,37.986,19,14549,4158,5988,2153,4.7859,<1H OCEAN,405642
-118.7949,33.9314,28,4668,1294,805,320,10.6979,NEAR BAY,500000
-115.0859,40.1746,52,10664,2375,6576,1929,4.5484,<1H OCEAN,430524
-117.9703,38.528,49,5392,655,2710,710,5.9891,NEAR OCEAN,445632
-123.1553,36.1988,37,3520,585,1840,517,3.6779,INLAND,297608
-114.7449,38.8868,26,10950,2115,5993,2027,12.9882,NEAR OCEAN,500000
-117.9348,34.9931,35,4898,993,2565,901,13.3571,INLAND,500000
-120.9273,35.7948,34,4511,783,1671,545,5.1568,NEAR BAY,500000
-122.9266,41.1744,35,10388,1308,5368,1814,12.5303,<1H OCEAN,500000
-116.2351,35.2807,40,3873,876,1791,616,6.0154,INLAND,412720
-118.0129,36.9679,16,1764,378,1017,410,2.3863,<1H OCEAN,289132
-118.898,40.9173,38,12410,2121,6840,1853,11.6131,INLAND,500000
-115.2144,39.2026,13,2040,258,348,140,9.3502,INLAND,458761
-116.2905,33.1347,23,6258,1871,2124,823,4.8414,INLAND,284968
-122.7999,33.9346,22,7331,1515,1226,488,4.542,INLAND,323302
-121.1642,32.6237,16,11683,2991,2348,931,14.6587,<1H OCEAN,500000
-121.8104,38.4807,28,11279,2271,5083,1749,13.075,INLAND,500000
-116.7469,36.7581,48,926,118,543,158,12.3372,INLAND,500000
-124.0073,33.8122,35,9636,1693,2022,722,2.7922,<1H OCEAN,367169
-118.5257,41.5546,45,11852,2105,4450,1965,11.5726,NEAR BAY,500000
-116.5577,37.5288,46,6897,1868,4175,1535,4.0036,NEAR BAY,477482
-115.3895,34.8238,8,12110,2879,6747,1701,14.6834,NEAR OCEAN,500000
-120.8539,37.2557,44,9457,1603,3875,1015,1.7292,NEAR OCEAN,423427
-115.9568,38.9384,22,13163,3872,7052,3163,5.9299,<1H OCEAN,500000
-123.2193,33.2666,21,482,85,198,52,7.0011,NEAR BAY,500000
-115.6993,35.1322,26,1281,383,293,75,12.5388,INLAND,500000
-123.0471,40.1355,40,4085,1222,867,277,11.7271,<1H OCEAN,500000
-120.2897,36.8708,21,3081,475,752,333,6.2499,NEAR OCEAN,445232
-116.2016,37.6878,25,10976,1934,3572,1120,8.9178,<1H OCEAN,500000
-122.8178,36.6185,41,14396,2986,8857,2940,12.6983,INLAND,500000
-122.0071,32.9627,1,3170,759,1742,656,1.2548,<1H OCEAN,223314
-116.9686,34.108,6,9544,2052,3496,890,12.2305,INLAND,500000
-116.9912,36.7381,23,7185,2115,2849,1223,14.2565,INLAND,500000
-117.7975,34.5163,51,11889,2976,3362,1189,1.4489,INLAND,277022
-117.2578,33.0198,23,1147,181,575,197,1.6381,<1H OCEAN,332652
-118.8034,40.4803,43,4960,689,2734,1154,5.8232,INLAND,429460
-121.7766,41.7732,43,10109,2465,2723,1199,2.2288,INLAND,278599
-120.817,40.0055,23,13636,2025,2330,779,7.7099,<1H OCEAN,500000
-122.4941,40.5756,32,266,69,122,34,11.2019,NEAR BAY,500000
-115.0656,34.8246,30,14541,2559,6270,2590,8.9366,INLAND,463883
-118.3877,41.5799,13,9028,1614,3169,1047,3.75,NEAR OCEAN,300901
-120.2533,34.4011,43,8705,1061,4108,1795,10.1674,<1H OCEAN,500000
-119.6283,41.4934,18,11789,2902,5013,2205,10.588,<1H OCEAN,500000
-114.6688,41.9013,23,764,107,210,57,14.0542,<1H OCEAN,500000
-122.7827,39.2402,15,9993,2589,3486,1538,3.0552,INLAND,261806
-118.3587,41.7728,33,9217,1922,3355,1085,10.6927,<1H OCEAN,500000
-119.1798,37.9037,21,13593,3550,8021,3041,13.76,INLAND,500000
-118.1009,34.9897,39,3870,871,2439,626,8.0219,INLAND,447913
-124.1649,36.6578,23,9417,1269,5617,2402,6.0652,<1H OCEAN,402365
-115.4369,38.1295,27,2451,631,1249,472,3.3905,INLAND,319048
-114.8238,33.237,45,13149,1743,5818,2203,13.135,NEAR BAY,500000
-118.5743,38.4,44,1004,206,496,213,6.5194,<1H OCEAN,419454
-117.2302,41.7731,18,10843,1637,6717,2362,13.9484,INLAND,500000
-114.9221,34.337,24,4831,1233,1328,441,12.8686,INLAND,500000
-117.122,40.0004,51,9783,2779,4084,1728,6.273,INLAND,455203
-122.7911,41.0842,47,1435,315,710,282,9.0348,NEAR OCEAN,500000
-118.4603,41.4208,40,6920,1487,3388,1490,1.3804,NEAR BAY,391139
-118.1494,41.5753,51,12424,3199,3430,1502,4.6851,INLAND,388274
-120.0154,37.4517,42,11672,1411,5174,1689,10.9438,INLAND,500000
-116.8235,41.7367,7,7106,2026,3893,1321,10.4908,INLAND,500000
-114.8008,39.6687,50,6216,966,2408,725,5.9472,INLAND,405329
-114.8907,34.0697,48,14652,4353,8009,3060,12.3205,<1H OCEAN,500000
-119.7424,37.0329,20,13115,3311,4327,1397,4.3017,NEAR BAY,482804
-123.1927,39.3023,27,13236,3432,8198,3338,7.4578,NEAR OCEAN,500000
-114.2849,34.875,6,3749,892,1563,428,7.6154,<1H OCEAN,436053
-115.7765,38.5718,27,12592,2580,5640,1541,5.7714,<1H OCEAN,500000
-123.0759,38.816,9,8138,1813,1348,392,14.3653,NEAR BAY,500000
-114.939,34.0794,45,4341,557,1020,272,10.7536,<1H OCEAN,500000
-115.4597,37.8618,31,7166,1664,3342,1249,8.5488,INLAND,433578
-119.0475,39.8033,21,9746,2267,3507,980,8.1472,<1H OCEAN,500000
-118.3072,37.2396,26,5535,1552,2236,630,3.2301,<1H OCEAN,346219
-120.2722,32.6638,40,5277,1113,957,241,6.2106,<1H OCEAN,484708
-123.7903,32.635,48,13447,1800,7625,3098,10.4188,INLAND,500000
-120.9243,35.9061,45,5811,1017,3151,1299,13.944,<1H OCEAN,500000
-116.1448,41.2562,13,10228,2434,2482,700,12.4305,INLAND,500000
-124.3027,34.6996,49,8289,1351,3872,1540,5.2055,INLAND,470441
-120.9416,38.513,23,3092,527,1728,581,7.0754,INLAND,403739
-120.2807,34.6375,20,10888,2914,5122,1525,2.1608,INLAND,213731
-118.8578,35.5737,37,10975,2471,3349,1253,2.4304,INLAND,295048
-114.9491,40.5216,28,10950,2316,5234,1495,7.5832,INLAND,411617
-120.8103,39.4013,17,5777,1024,1474,591,8.4231,INLAND,419868
-120.8041,33.4468,28,3818,960,1180,306,4.6964,INLAND,374986
-116.8127,36.5798,41,1759,302,474,209,9.999,NEAR BAY,500000
-119.7283,32.8242,2,6883,1739,2949,779,10.8473,INLAND,480083
-122.0545,37.0704,25,1707,226,348,127,5.1876,<1H OCEAN,387454
-119.7261,38.7769,50,12463,3435,7685,3307,11.6179,INLAND,500000
-122.9104,33.6639,41,2263,475,716,180,3.8785,<1H OCEAN,442680
-122.5473,35.2655,6,3842,764,996,348,8.6195,<1H OCEAN,500000
-119.2567,36.2897,11,2200,505,876,280,12.2599,INLAND,500000
-120.0686,41.1936,38,14778,3433,4263,1560,8.5181,NEAR OCEAN,500000
-115.0003,41.8866,6,14461,2079,6036,1781,13.7115,INLAND,500000
-120.6463,32.9722,45,13399,3431,4344,1142,1.819,NEAR OCEAN,430553
-118.4164,39.7035,11,1494,253,322,120,9.2364,INLAND,500000
-117.8883,36.0442,14,4265,1206,1206,402,8.8646,<1H OCEAN,454781
-124.2162,36.2391,2,14290,3818,5276,1975,10.2449,ISLAND,500000
-117.5686,39.6401,40,11144,2031,1840,537,12.6677,INLAND,500000
-122.5305,41.1832,3,8214,2179,4397,1397,11.1619,NEAR OCEAN,500000
-114.5279,41.4887,35,10145,1868,4675,1693,12.064,NEAR OCEAN,500000
-122.8307,37.975,33,12602,1741,5679,2093,5.0434,NEAR BAY,443749
-120.1125,35.9069,24,1803,528,762,247,6.425,<1H OCEAN,362227
-123.4777,39.953,19,1522,361,677,207,9.7749,<1H OCEAN,500000
-114.1619,34.9094,18,6156,1244,3800,1158,8.7485,NEAR OCEAN,500000
-119.2176,37.8523,49,14932,2860,2303,656,14.4555,INLAND,500000
-118.2652,35.9206,52,2641,471,459,144,3.6157,INLAND,374526
-123.6645,38.7223,24,1298,385,318,92,5.9179,<1H OCEAN,417997
-116.6854,34.8097,45,5273,760,1232,464,9.0186,<1H OCEAN,500000
-122.2048,34.351,35,9897,1748,2381,866,13.1515,INLAND,500000
-115.1719,41.1814,1,9518,1973,4625,1510,14.0109,<1H OCEAN,500000
-122.2535,33.507,36,8688,1790,3299,1039,5.7045,<1H OCEAN,428784
-122.4012,37.306,25,11441,2343,7389,2198,1.9395,<1H OCEAN,379260
-123.9765,34.626,45,10617,1609,2796,998,6.9027,<1H OCEAN,500000
-119.5255,32.9159,49,14850,2169,4535,1967,6.5208,NEAR OCEAN,500000
-118.5773,32.8886,43,13550,2247,8700,3368,14.8108,INLAND,500000
-123.6785,34.1971,34,12746,3627,7212,2876,7.0349,<1H OCEAN,500000
-116.4241,40.6976,25,3987,559,1534,639,5.2801,<1H OCEAN,393755
-119.7174,35.2053,16,14542,3727,6213,1990,6.1153,INLAND,389058
-118.9907,41.4843,34,2296,588,1312,344,6.557,<1H OCEAN,420940
-119.8454,38.0172,29,12001,3189,4686,1754,12.5016,NEAR OCEAN,500000
-120.2542,36.6542,19,2408,673,609,175,2.1342,NEAR OCEAN,315074
-118.6305,38.0028,23,6188,1035,3491,1270,5.4311,NEAR OCEAN,479470
-122.7634,37.407,19,375,60,157,62,14.5285,INLAND,500000
-122.4907,39.6825,25,7369,1501,1669,678,3.1434,INLAND,334633
-115.5426,35.2055,16,13488,2262,5432,1685,11.3964,INLAND,500000
-114.6807,35.8687,51,6214,1567,2215,780,5.9895,<1H OCEAN,500000
-120.5348,40.9545,9,10894,2554,6410,2398,9.145,<1H OCEAN,500000
-121.583,41.4467,1,12391,3438,2639,1092,2.3937,<1H OCEAN,345723
-117.7683,40.94,42,1867,251,1097,441,5.2898,INLAND,324925
-120.1727,36.4928,19,12763,3633,5183,2319,8.0121,<1H OCEAN,500000
-124.0906,39.8854,33,10937,1889,3851,968,4.2438,<1H OCEAN,380649
-122.7541,37.0276,34,9067,1888,2094,706,8.5862,INLAND,478502
-117.0328,37.2269,16,2023,402,1012,304,4.0766,ISLAND,426922
-117.6158,34.474,44,5347,1373,3279,898,10.1014,<1H OCEAN,500000
-124.0731,38.1066,40,1556,304,525,226,13.661,INLAND,500000
-122.0814,34.2997,18,3272,948,886,398,2.1968,<1H OCEAN,280361
-121.9884,35.6667,34,3459,977,1478,422,4.0326,NEAR BAY,453672
-117.4833,40.5873,25,6399,1772,3507,903,12.8219,<1H OCEAN,500000
-124.1486,34.4965,45,746,99,113,34,9.8417,NEAR OCEAN,500000
-123.286,33.2189,6,5431,1486,2529,1054,2.1019,<1H OCEAN,391198
-116.1749,33.1987,21,8165,2128,3660,1130,7.8089,NEAR OCEAN,498631
-122.5253,41.3934,6,2283,316,705,184,3.9366,<1H OCEAN,359733
-117.6789,37.3151,32,2240,312,841,219,3.7873,<1H OCEAN,439879
-121.9158,36.3985,41,4734,654,1294,434,14.169,<1H OCEAN,500000
-123.3337,40.1723,48,1952,238,1063,463,11.6616,<1H OCEAN,500000
-121.8648,40.4068,43,10007,2189,4675,1436,10.7472,NEAR OCEAN,500000
-116.9684,35.6726,39,2049,604,853,286,4.345,INLAND,375534
-115.6048,39.07,31,2842,565,984,266,2.66,INLAND,216676
-115.8652,39.7986,42,1800,391,532,185,13.1917,NEAR BAY,500000
-120.2908,38.7037,10,11788,3468,6617,2576,1.0823,INLAND,217425
-117.5222,33.975,30,14151,2348,5316,1617,6.4333,NEAR BAY,500000
-122.2551,40.7833,52,4602,1263,1844,570,4.8866,<1H OCEAN,439260
-121.354,37.6175,18,11997,2619,4923,2059,8.9853,NEAR BAY,500000
-115.1894,35.2052,24,3999,889,1496,377,4.5071,<1H OCEAN,355022
-124.2171,36.5471,52,818,148,227,85,5.3569,INLAND,376050
-123.4761,32.9032,9,1332,294,279,91,12.9006,INLAND,500000
-122.2254,33.7519,31,5691,757,1134,351,9.4446,INLAND,494753
-124.0788,39.7461,15,14892,3836,7873,3003,3.0396,INLAND,246323
-122.4957,32.5501,4,14716,2520,3852,1606,11.1706,INLAND,500000
-118.3913,36.4657,40,13867,3879,2466,891,3.9044,ISLAND,486422
-120.043,37.4616,9,5995,1116,3289,842,7.0621,NEAR BAY,466403
-115.2269,33.0636,45,10507,1530,2385,816,10.0525,NEAR BAY,500000
-115.9957,41.6969,9,10731,2631,4963,1700,4.807,NEAR BAY,500000
-120.8566,34.6756,26,11131,1665,3554,1275,6.3775,NEAR OCEAN,473147
-121.6987,35.4095,4,12668,3238,2701,1037,11.2781,NEAR BAY,500000
-120.4695,35.4071,17,7833,2304,2798,710,14.1308,NEAR OCEAN,500000
-118.3172,34.7159,16,14969,3896,2356,825,8.4094,INLAND,467301
-121.6104,32.5639,15,1687,209,962,353,1.1396,NEAR OCEAN,325044
-117.9712,39.4058,35,8048,1834,3273,1043,5.7385,NEAR BAY,500000
-120.1658,41.6383,52,5209,1277,1143,438,6.5809,INLAND,448492
-118.7081,34.6584,5,9949,2672,2671,789,5.7484,INLAND,296107
-119.8928,38.7826,5,2313,300,865,271,7.1078,<1H OCEAN,359747
-121.3406,39.5238,20,1244,256,304,134,9.8573,NEAR OCEAN,500000
-114.6568,40.5252,15,14123,3055,4015,1283,2.6958,NEAR BAY,401889
-116.5459,36.5227,18,2631,395,1097,350,4.8168,INLAND,320471
-122.918,35.3976,47,8179,1456,4631,1709,8.1071,<1H OCEAN,500000
-115.4743,35.6078,2,14126,2814,4957,2201,5.418,<1H OCEAN,404830
-119.3685,39.2486,29,1782,481,906,404,14.8752,INLAND,500000
-115.2077,40.2277,13,14574,4187,8574,3137,7.04,<1H OCEAN,486824
-116.1755,34.2572,4,1508,351,389,97,13.1772,INLAND,500000
-120.0043,36.0368,42,5117,977,2832,1218,13.5511,NEAR BAY,500000
-124.1204,41.0282,45,8993,1490,4754,1730,12.7041,INLAND,500000
-121.6041,40.1329,10,1820,540,597,192,1.6566,INLAND,260691
-118.8145,41.8077,31,13272,3941,8557,3558,14.2685,NEAR BAY,500000
-117.8759,39.6399,41,7703,2206,2166,714,2.8024,INLAND,355301
-121.7144,36.246,8,13699,3581,3800,975,1.4817,<1H OCEAN,277122
-122.9258,38.102,3,4966,887,2662,1102,6.8012,INLAND,312449
-115.817,38.7635,48,5562,1485,2043,733,3.7249,INLAND,348768
-114.2894,33.2875,46,5392,1043,1700,539,3.5788,NEAR OCEAN,391617
-118.9774,37.6683,9,6822,1219,1632,489,5.0295,NEAR BAY,500000
-122.5954,39.2176,30,6293,1598,3352,1236,4.4777,<1H OCEAN,411921
-121.567,34.1228,11,6904,927,3749,1093,10.5871,<1H OCEAN,500000
-124.162,39.8879,35,300,38,129,40,3.6149,<1H OCEAN,329687
-115.0059,38.0375,37,6857,1375,4310,1626,8.6037,INLAND,455404
-123.1466,41.5009,42,6075,1216,1877,800,14.81,NEAR OCEAN,500000
-118.458,32.9488,13,4471,1257,1161,413,7.0534,INLAND,441011
-121.5492,35.0441,36,437,62,213,85,9.9862,INLAND,455553
-118.6863,38.2046,13,7426,1055,3929,1581,14.5712,NEAR BAY,500000
-117.6925,35.3377,12,8232,1206,2160,827,2.9269,NEAR BAY,448208
-115.87,39.2656,37,5418,679,1020,305,6.8605,<1H OCEAN,426189
-122.2404,39.6846,10,4225,561,2345,992,12.9027,NEAR OCEAN,500000
-124.2376,33.5137,9,11310,2700,7218,2434,14.0523,INLAND,500000
-122.951,37.3802,52,6273,1240,2962,766,9.4173,<1H OCEAN,500000
-115.1518,37.3336,7,2742,705,792,236,3.0079,INLAND,288308
-115.4188,36.0212,2,10395,3104,6739,2716,13.6206,<1H OCEAN,500000
-118.2444,41.3195,23,1737,414,1036,273,3.4423,<1H OCEAN,356789
-118.2127,40.3286,39,954,123,387,108,5.9403,INLAND,415939
-117.5533,39.1038,40,11760,1632,6616,2572,6.2571,INLAND,414280
-122.5577,39.2647,39,10650,2966,5941,2545,7.2621,INLAND,442949
-115.0047,36.8901,21,13634,2930,8417,3171,12.0623,INLAND,500000
-120.0702,41.2073,23,7596,2039,4333,1275,12.23,<1H OCEAN,500000
-120.4343,39.0792,29,12057,3305,5688,1482,11.0752,INLAND,500000
-119.0467,39.4024,14,8023,2302,3647,1360,1.3098,INLAND,318801
-123.87,40.6499,26,5707,1660,2189,568,8.9078,INLAND,500000
-122.6506,35.1263,51,4435,975,2054,765,11.4649,NEAR BAY,500000
-116.8073,40.1365,5,740,134,405,119,7.2248,<1H OCEAN,433544
-123.5038,34.3853,31,5710,1673,3623,1561,14.2291,INLAND,500000
-118.1858,35.7962,25,8661,1892,3322,1146,12.5333,INLAND,500000
-121.8425,35.7047,31,8126,1069,3549,1046,9.9342,NEAR OCEAN,500000
-120.3714,41.7481,50,5331,1256,1985,834,1.874,NEAR OCEAN,439002
-121.3996,40.6014,20,14378,3246,6962,2094,10.1328,<1H OCEAN,500000
-120.715,39.141,44,11852,3333,5510,1715,13.7621,INLAND,500000
-117.0014,39.3843,17,11800,2803,1875,781,6.3122,<1H OCEAN,474634
-121.3134,37.8335,45,8897,1626,3741,1166,12.7339,NEAR BAY,500000
-118.5613,41.4527,2,1329,390,258,85,5.3843,<1H OCEAN,355698
-119.4848,37.2148,25,10471,2767,1708,545,8.9814,NEAR OCEAN,500000
-117.5673,36.1269,13,3345,780,1825,498,10.0779,<1H OCEAN,494602
-114.7756,34.0825,39,11634,2009,3249,837,10.4919,INLAND,500000
-116.8631,39.9403,28,14360,2688,4599,1816,13.3557,NEAR BAY,500000
-122.1533,39.4538,42,13580,3267,2472,936,4.2847,NEAR OCEAN,450851
-124.0313,36.1629,6,13300,1768,3188,977,4.6732,<1H OCEAN,401623
-121.6697,32.7868,3,8753,1454,4663,1441,10.8566,INLAND,479347
-118.2683,40.4366,35,3920,974,1555,682,3.4807,<1H OCEAN,375930
-123.8244,32.6573,18,9848,2032,5813,2601,7.4998,INLAND,439783
-119.2771,39.1648,11,13416,2581,4677,1612,1.2805,<1H OCEAN,365538
-118.2503,41.6704,20,4267,628,1213,497,2.9737,<1H OCEAN,319655
-120.934,36.664,5,4395,876,1423,565,10.5038,INLAND,474176
-116.4713,34.7588,19,10073,2606,5100,1578,11.4645,<1H OCEAN,500000
-123.2606,39.1758,22,14544,2436,6217,1627,2.6145,INLAND,312125
-123.5821,40.231,19,9444,1142,5686,1583,4.1879,<1H OCEAN,406353
-116.9079,37.6864,47,7481,1797,3374,1409,2.3847,<1H OCEAN,340649
-119.2861,41.6401,16,2709,799,1074,425,7.0678,INLAND,426829
-117.3145,33.0357,24,5216,1195,2831,1083,2.7656,<1H OCEAN,407588
-119.9061,37.2951,41,6733,953,4199,1159,7.1221,INLAND,486228
-121.8318,39.3035,4,4927,875,1615,610,11.2494,INLAND,500000
-115.9788,40.6588,15,881,243,242,97,10.5674,INLAND,386063
-116.18,34.235,25,14692,2378,6730,2840,4.9264,INLAND,386332
-117.2502,40.07,44,14870,3410,5939,1500,10.4327,INLAND,500000
-121.5687,37.7454,35,4132,795,2663,1030,13.988,<1H OCEAN,500000
-118.3178,36.2776,14,14795,2328,5639,1431,5.8653,NEAR OCEAN,445908
-120.6608,33.7881,49,10521,2802,1969,770,5.6077,NEAR BAY,497973
-123.414,40.6838,19,13241,3359,8456,3188,9.0001,<1H OCEAN,500000
-114.9751,34.0284,38,5760,1377,3293,920,4.437,INLAND,330511
-122.9517,35.462,36,4216,685,1008,406,10.1221,<1H OCEAN,500000
-114.6386,35.2764,7,7539,1037,4540,1197,12.6517,<1H OCEAN,500000
-119.7918,40.7413,30,11694,2616,3745,1555,7.4305,<1H OCEAN,500000
-122.4579,38.8734,19,919,201,311,94,10.5131,INLAND,438704
-118.8118,40.0388,49,274,42,165,63,10.1264,<1H OCEAN,482874
-115.4285,34.9044,25,9685,1260,4019,1747,1.5413,NEAR BAY,407421
-116.8667,38.4238,16,10314,1387,2257,717,3.5678,INLAND,395744
-116.1069,37.9244,47,4357,1301,1457,510,13.5094,<1H OCEAN,500000
-117.6172,40.3786,40,13361,3487,6828,2339,14.1445,NEAR OCEAN,500000
-117.2749,41.0672,51,8711,2490,2065,581,11.9262,<1H OCEAN,500000
-115.6712,32.6643,8,2349,364,1045,384,13.8975,INLAND,500000
-121.7984,38.8858,18,9844,2883,4898,1952,5.2861,INLAND,401201
-119.3481,33.0373,28,13361,1946,4301,1863,4.468,<1H OCEAN,441376
-122.0892,37.7093,16,14233,3012,7072,2971,6.3802,<1H OCEAN,472522
-114.256,35.2537,52,14790,3983,8757,3082,1.7748,<1H OCEAN,398162
-114.7017,35.4337,19,9947,1819,3840,1512,12.3382,<1H OCEAN,500000
-123.9471,35.8678,42,6913,1358,2360,967,14.7785,<1H OCEAN,500000
-117.139,38.3901,17,4407,630,1214,423,12.5364,NEAR BAY,500000
-114.894,35.6901,45,11424,1623,5164,1410,8.7697,<1H OCEAN,500000
-122.5045,39.4374,13,7341,1699,4330,1461,5.1339,<1H OCEAN,417229
-118.5456,36.3526,7,8852,2138,2764,1156,3.7678,NEAR BAY,412320
-114.9937,33.1925,27,9278,2411,3229,1192,6.0969,INLAND,414090
-124.0031,39.9173,10,11925,2625,4213,1663,10.3376,INLAND,495392
-117.2224,35.2361,34,4136,977,1780,510,7.2589,<1H OCEAN,491119
-121.3111,36.618,36,9507,1163,2511,1112,14.0768,INLAND,500000
-114.9027,38.9932,25,1275,190,715,236,12.9591,<1H OCEAN,500000
-114.4258,35.6751,6,4076,1211,1213,461,2.4336,INLAND,252022
-114.6996,33.0819,24,4815,643,2420,614,2.8414,NEAR BAY,434557
-119.5035,36.0649,18,13299,3220,5407,1489,10.4673,INLAND,500000
-115.5399,41.4278,23,7465,1132,3306,1343,4.2308,<1H OCEAN,438774
-115.7187,38.5823,6,6579,1638,1577,699,12.0744,INLAND,500000
-121.0888,38.8619,29,10316,2548,5338,1676,9.279,INLAND,500000
-115.8785,38.4935,25,14092,2285,3442,886,4.2176,INLAND,342806
-123.9718,34.4205,17,9318,1570,1926,620,7.7016,INLAND,500000
-118.2561,36.4823,46,4852,1154,2054,520,6.6851,INLAND,424111
-121.9993,39.6088,24,6992,1329,3528,1017,13.2242,INLAND,500000
-123.1178,33.5029,11,10673,1654,1867,747,1.4503,NEAR BAY,365432
-123.5635,35.1618,26,9447,2377,1744,762,13.5418,NEAR OCEAN,500000
-117.2339,35.1474,51,7656,1131,4221,1129,10.1292,<1H OCEAN,500000
-120.8765,36.611,34,4874,1335,2702,976,11.3255,INLAND,500000
-116.9429,41.7655,28,741,157,202,60,1.0365,<1H OCEAN,248510
-123.6821,33.1845,3,2361,328,1080,300,9.7954,NEAR OCEAN,500000
-121.1277,37.4258,11,2451,600,910,267,9.2388,<1H OCEAN,497170
-118.8364,34.236,38,9444,2015,4404,1609,8.5209,INLAND,500000
-116.2688,41.6744,14,4769,828,2772,729,12.0021,NEAR OCEAN,500000
-121.0923,33.6151,51,2944,577,559,188,8.7822,<1H OCEAN,500000
-117.9534,36.3438,26,14788,2568,7970,2208,12.9994,NEAR OCEAN,500000
-115.2953,39.4861,48,12261,2051,4861,1480,4.2568,INLAND,441769
-118.0559,39.1728,21,13392,2001,5786,1667,12.2838,INLAND,500000
-121.9692,36.5236,39,6241,1156,2976,1269,3.5104,INLAND,383732
-124.1006,35.8073,30,12873,2126,7869,3081,12.3836,NEAR BAY,500000
-115.4576,36.2876,8,12549,3049,2238,948,14.1665,<1H OCEAN,500000
-124.1326,35.0342,51,13002,3160,2141,699,5.6997,INLAND,420862
-115.4105,34.4801,20,12917,2716,3088,965,8.4184,INLAND,500000
-118.9443,37.0906,48,4875,1267,3135,1022,10.2166,NEAR BAY,500000
-114.7527,35.0742,32,1760,477,893,226,2.1126,INLAND,241257
-116.1864,35.2521,22,12154,2726,5558,2195,7.9171,INLAND,431036
-114.1511,38.7235,7,1364,315,236,75,6.0482,NEAR BAY,500000
-120.7657,41.6543,9,5619,960,3312,1035,13.2144,NEAR OCEAN,500000
-116.5093,38.2242,45,2922,821,1625,600,13.2735,INLAND,500000
-120.2423,33.2736,1,10750,1336,5185,1748,10.8109,<1H OCEAN,500000
-119.4457,33.2605,29,670,122,214,95,10.1801,INLAND,500000
-117.9369,41.4934,8,9808,2451,1816,583,11.2716,INLAND,496341
-115.421,35.3445,4,14153,1902,6227,2321,6.1238,INLAND,393921
-114.2927,33.4154,35,1668,255,850,265,6.6633,<1H OCEAN,460539
-116.4982,38.181,3,8125,1836,1601,717,8.7519,<1H OCEAN,471197
-120.0804,38.4123,45,1008,222,470,159,14.1324,INLAND,500000
-120.0437,38.6459,40,8563,2166,2510,945,11.136,<1H OCEAN,500000
-116.8119,35.0636,7,6919,1842,3681,1013,8.7138,<1H OCEAN,485220
-121.9097,32.692,27,12518,1791,5255,2084,11.7858,INLAND,500000
-123.221,41.6211,1,12534,1545,2688,816,6.1925,NEAR OCEAN,396444
-120.7258,34.9084,27,12617,3080,5214,1771,11.2265,INLAND,500000
-121.4144,38.9046,16,10791,1880,3753,1601,6.7495,<1H OCEAN,437941
-121.3217,39.1923,38,5273,1226,1266,562,4.9153,<1H OCEAN,418784
-121.9625,38.2841,7,8212,1207,4687,1569,9.5361,INLAND,495469
-123.9198,35.4913,44,1845,377,286,119,10.6163,NEAR OCEAN,500000
-124.1673,35.0983,23,14092,2970,4313,1124,7.4301,INLAND,454141
-114.2555,38.1681,41,8449,1903,1320,553,8.917,<1H OCEAN,500000
-119.9782,40.6913,11,1329,282,263,98,10.7169,INLAND,437705
-120.4222,41.4493,42,1553,324,463,161,11.7479,NEAR OCEAN,500000
-117.404,33.5455,33,967,173,171,73,13.538,<1H OCEAN,500000
-122.1194,34.0054,50,4095,543,1835,768,5.9636,INLAND,391866
-114.6414,41.4305,36,9074,1235,1755,542,14.3207,INLAND,500000
-116.3136,39.4734,37,3654,723,1830,747,9.9219,<1H OCEAN,500000
-123.4362,40.8501,41,10400,1914,1833,494,12.0278,<1H OCEAN,500000
-120.0823,34.4547,17,7529,1602,1352,560,10.7968,INLAND,500000
-115.3654,38.0733,35,14821,2591,4485,1727,3.878,<1H OCEAN,393148
-114.6948,39.1407,48,11534,2812,6900,1846,2.0001,<1H OCEAN,363274
-119.5732,38.9431,5,1990,548,936,361,11.168,<1H OCEAN,500000
-118.0809,36.3866,48,9869,1715,5280,1933,8.1547,<1H OCEAN,500000
-122.6429,32.6947,32,1085,167,239,88,10.831,INLAND,500000
-114.2203,38.0295,3,7934,1117,4499,1386,7.6758,<1H OCEAN,500000
-121.9823,34.9292,52,4106,948,632,191,5.3713,<1H OCEAN,490691
-114.7153,36.7824,47,4692,937,1203,484,4.9903,NEAR OCEAN,500000
-117.7106,41.5513,35,9930,1527,4548,1370,11.2274,INLAND,500000
-118.1389,36.3009,52,2273,539,767,260,4.8749,INLAND,397301
-119.1103,40.4441,14,512,75,328,127,11.0055,<1H OCEAN,500000
-121.9926,34.3223,48,6469,1421,1068,284,6.3754,INLAND,471097
-122.5459,38.8711,31,14076,3024,9139,3371,11.7926,<1H OCEAN,500000
-122.0966,41.7339,31,5517,1391,2547,936,2.9993,<1H OCEAN,360920
-122.4446,33.5078,17,1010,131,433,167,3.8697,INLAND,307541
-116.3826,32.6282,24,10627,2973,1910,618,10.6028,NEAR BAY,500000
-120.7717,36.6257,52,7041,1735,2018,685,8.8432,INLAND,498266
-123.7588,33.4207,23,11249,1787,6888,2176,3.8543,<1H OCEAN,343339
-114.4458,39.5848,18,11155,1706,3649,1502,13.6396,NEAR OCEAN,500000
-115.3177,41.1468,50,2232,441,1073,296,4.8632,<1H OCEAN,453537
-114.8684,36.6298,14,9899,2644,6431,2846,6.895,NEAR OCEAN,485217
-114.182,34.9819,50,12937,3515,3642,1372,3.832,INLAND,370956
-122.5728,36.6334,15,10962,2342,4801,2051,6.4324,INLAND,473127
-120.3004,39.3504,15,10286,2828,5124,1717,7.8831,INLAND,438982
-116.6008,32.6351,6,13865,1677,3221,1019,5.1335,NEAR BAY,480299
-117.2367,38.0909,27,7329,925,1644,707,11.7673,NEAR OCEAN,500000
-122.7772,38.3149,15,2905,825,1098,296,6.5151,INLAND,392778
-116.0122,38.5443,50,8988,2332,3082,842,11.2131,INLAND,500000
-122.0562,34.825,36,2347,472,1190,368,3.899,INLAND,340038
-122.0626,39.2621,8,815,208,150,66,6.2785,INLAND,307025
-118.8621,33.4091,15,1147,334,729,274,1.1128,NEAR OCEAN,292240
-118.2902,34.4231,3,5877,1522,923,333,11.6209,<1H OCEAN,500000
-118.4215,40.7982,47,4851,1317,2186,854,9.7624,<1H OCEAN,500000
-123.415,39.494,13,12765,3279,5505,1835,12.4495,NEAR BAY,500000
-115.3823,32.6792,41,12156,1826,2642,1061,7.3786,NEAR BAY,500000
-121.6356,34.8847,34,8066,2178,1818,597,12.1964,<1H OCEAN,500000
-123.0264,34.5654,24,2213,343,1209,502,10.0662,<1H OCEAN,500000
-115.267,35.0956,40,3897,1093,2313,701,1.0506,NEAR BAY,442280
-114.5832,34.8771,32,690,139,201,61,4.5517,INLAND,369674
-115.5391,33.1377,32,4550,1100,1678,594,7.9145,INLAND,428044
-116.0767,36.864,30,2628,550,860,289,9.6616,<1H OCEAN,500000
-117.6534,39.4377,52,5187,710,966,366,1.9183,NEAR OCEAN,375679
-118.7202,38.2533,49,8933,1539,4346,1403,10.8711,<1H OCEAN,500000
-123.461,38.875,13,9679,2875,5445,1612,8.6095,<1H OCEAN,461683
-120.1756,33.3128,1,10025,2936,3031,1042,8.3609,<1H OCEAN,486407
-120.5411,41.494,34,5120,909,3302,1195,5.0886,NEAR BAY,500000
-121.6953,40.4318,15,3126,935,587,163,9.3275,INLAND,474887
-116.9566,40.1178,44,9744,2652,4685,1692,1.3849,NEAR OCEAN,353731
-119.2821,40.286,14,7482,1720,2799,878,1.9058,INLAND,262699
-123.5217,41.3175,29,4576,582,1708,561,11.2742,NEAR BAY,500000
-122.0997,37.666,34,9690,2735,3670,1122,5.5065,NEAR OCEAN,460639
-117.3671,34.4327,18,5068,1116,1415,617,5.8575,NEAR OCEAN,421546
-123.5719,38.3478,7,7186,1985,3648,1410,3.9174,NEAR BAY,434339
-115.6507,39.5331,29,7062,1908,3607,1091,7.2387,INLAND,439938
-119.2896,39.4864,31,12359,3336,3598,1363,1.7279,INLAND,216526
-119.4384,37.4516,25,4623,1135,2624,1101,5.2051,NEAR BAY,498873
-118.2956,33.1935,38,10650,1836,3284,1084,8.3797,NEAR OCEAN,500000
-115.9218,36.0385,14,7070,1276,3623,1507,7.5188,INLAND,415170
-120.7954,41.2052,8,13410,2353,2822,792,14.9954,<1H OCEAN,500000
-117.4207,38.0438,27,13039,1611,3055,1266,6.4427,INLAND,394415
-118.5682,37.6103,2,8359,1879,2573,921,6.418,INLAND,383732
-121.621,35.0772,17,2273,558,1015,299,8.0501,<1H OCEAN,465294
-115.3704,36.0134,37,6370,1743,3011,997,3.6642,NEAR OCEAN,469235
-116.2003,40.9663,14,901,130,313,140,13.2683,<1H OCEAN,500000
-117.6206,38.8148,25,10311,2247,1947,791,9.0117,INLAND,411004
-115.6571,39.9514,30,8313,1009,2799,1021,3.6895,INLAND,357737
-115.4863,36.8208,29,7025,963,3473,948,12.1082,INLAND,500000
-117.1105,38.4743,20,10852,1408,5268,1757,1.4807,<1H OCEAN,349537
-115.7957,34.8848,21,12654,3170,2911,880,14.7559,INLAND,500000
-117.2218,39.1813,22,8067,1085,1241,327,13.1121,<1H OCEAN,500000
-117.399,36.5695,35,4464,1111,2350,842,9.115,<1H OCEAN,500000
-118.0278,36.7099,37,8168,1347,1659,709,2.5581,<1H OCEAN,405053
-116.6572,38.6536,16,8346,2320,1595,614,4.0138,<1H OCEAN,427702
-122.7291,41.351,50,12716,3387,1924,577,4.9121,<1H OCEAN,468735
-115.3475,33.1517,49,14490,4237,5307,1935,4.3744,INLAND,324020
-115.4398,40.3026,43,7976,2225,3203,1404,7.9653,NEAR BAY,500000
-124.0511,35.2984,17,8758,2522,4106,1620,14.2238,INLAND,500000
-115.9102,36.7228,16,8919,2448,2658,1031,7.2184,INLAND,336848
-123.0329,32.756,2,5086,1245,2569,1139,10.2619,INLAND,472536
-120.9251,35.3798,4,12110,1824,2841,1164,10.6402,NEAR OCEAN,500000
-116.7513,37.2747,21,12001,2027,6792,1883,13.2021,INLAND,500000
-122.707,33.0781,39,4135,654,1802,575,1.4735,INLAND,296735
-115.9904,37.1663,34,4819,1101,2129,943,6.6606,<1H OCEAN,493265
-115.8456,41.2648,30,5391,1135,1374,478,11.9863,<1H OCEAN,500000
-119.1637,33.5407,6,14156,3908,2647,720,12.4081,INLAND,500000
-124.2847,39.7357,17,10545,3073,4032,1377,13.9827,INLAND,500000
-121.4165,36.4009,39,7075,1364,3238,1260,10.8391,NEAR OCEAN,500000
-118.045,38.7086,25,10300,2174,2034,914,4.4322,<1H OCEAN,410939
-114.3223,34.9962,5,11404,3362,7130,2244,8.0793,<1H OCEAN,500000
-117.8929,34.0492,5,8056,1367,5157,1819,1.4528,INLAND,247120
-121.6948,34.0583,20,5601,1470,2367,1008,10.057,NEAR OCEAN,500000
-117.8705,33.2126,16,12620,2026,7887,2532,8.7601,INLAND,427528
-118.8313,34.2951,51,3222,781,772,209,10.3357,INLAND,500000
-116.38,38.7937,41,14804,2452,2408,1059,14.022,<1H OCEAN,500000
-123.2567,40.8379,37,11875,3313,2015,700,10.6219,INLAND,500000
-116.5723,40.2028,40,11112,2456,4931,1728,5.4863,NEAR OCEAN,500000
-118.8183,38.9903,9,5938,911,1073,401,3.7823,NEAR OCEAN,341010
-114.5082,33.5881,5,6184,991,3891,975,12.9649,<1H OCEAN,500000
-120.8561,35.2684,42,1970,411,435,189,3.7207,INLAND,250747
-117.8846,35.4622,2,12505,3665,3781,1218,3.2625,INLAND,266116
-114.8247,34.8996,9,10169,2629,5707,1879,3.8926,<1H OCEAN,434879
-123.3024,37.3911,43,12604,2620,3269,931,8.1238,INLAND,481597
-114.7715,37.5842,36,9189,1661,2494,812,2.7386,INLAND,322051
-117.3198,35.9047,22,3415,747,1608,660,14.1337,<1H OCEAN,500000
-123.6567,35.8756,22,12180,3102,3508,1438,14.5276,NEAR OCEAN,500000
-121.2742,40.3384,22,6894,1800,1783,779,14.6332,<1H OCEAN,500000
-117.1125,39.9694,34,3176,566,880,290,1.5477,NEAR BAY,394334
-123.6617,35.4433,29,3937,983,1556,609,14.2468,NEAR OCEAN,500000
-118.4002,41.1396,38,10103,2408,6395,2247,14.9638,INLAND,500000
-120.8151,41.5065,46,952,278,538,221,14.194,<1H OCEAN,500000
-118.0042,35.6214,33,10861,3123,3174,1245,10.3931,NEAR BAY,500000
-123.8825,35.8816,18,12361,3239,4099,1326,10.8172,NEAR OCEAN,500000
-115.4429,37.303,7,1592,398,608,192,2.7115,<1H OCEAN,306786
-114.4009,41.3965,1,6989,1183,4469,1342,13.2402,INLAND,500000
-114.4481,40.7874,33,10997,2994,2597,948,1.835,<1H OCEAN,359218
-116.6886,33.5141,1,14585,2872,4794,2122,5.4482,NEAR BAY,500000
-123.0205,36.2417,24,877,148,451,130,14.8761,NEAR OCEAN,500000
-116.6006,37.7517,4,305,57,192,51,6.9126,NEAR BAY,480869
-124.0987,37.2794,4,11679,3158,2660,728,2.8362,NEAR OCEAN,337800
-124.1239,34.3723,18,4953,726,1306,531,14.5701,INLAND,500000
-121.0427,40.6229,27,2146,433,564,180,14.778,<1H OCEAN,500000
-119.3561,38.9132,43,5744,1198,921,271,3.6186,<1H OCEAN,433483
-116.4764,40.4263,32,1295,163,585,187,13.1073,<1H OCEAN,500000
-117.3667,40.6224,33,13475,2091,6540,2479,6.4659,INLAND,421736
-119.7929,39.5845,28,7185,1931,3242,1165,6.3392,NEAR BAY,500000
-121.5535,36.6786,42,14296,3853,2654,1058,4.6778,NEAR BAY,500000
-114.1594,38.2891,41,1982,342,365,116,1.6259,<1H OCEAN,344104
-119.9944,34.0574,36,4741,1315,1209,411,4.7521,INLAND,360320
-119.7368,38.8823,6,14436,3737,4260,1151,1.7529,INLAND,284764
-122.6778,34.235,16,3457,674,1878,496,13.9412,INLAND,500000
-116.227,39.0731,34,6413,1633,1473,504,10.2641,INLAND,497272
-117.2606,34.7082,23,10389,3044,1787,554,13.4127,INLAND,500000
-122.0937,33.655,50,14685,2975,5095,1898,11.0421,NEAR BAY,500000
-123.5081,34.1037,42,5069,825,1815,469,2.838,INLAND,389759
-117.3953,32.5687,24,1761,509,661,181,14.1681,NEAR OCEAN,500000
-117.6609,39.3062,49,4206,961,2369,1002,13.5985,<1H OCEAN,500000
-121.5573,39.4346,13,10067,1398,2003,727,5.8731,<1H OCEAN,460718
-114.6322,37.3904,18,9514,2122,4775,1873,2.5615,INLAND,279440
-122.8062,34.0668,13,4181,878,1333,557,10.8582,NEAR OCEAN,500000
-119.9315,33.3354,49,9693,2655,2956,1013,11.1971,NEAR BAY,500000
-114.7062,32.7298,37,5882,1267,3624,1457,13.5556,INLAND,500000
-120.0604,34.108,43,5982,992,1640,582,1.7372,NEAR OCEAN,358491
-117.8243,40.924,39,1143,276,538,158,2.9839,INLAND,348239
-120.2866,34.8204,42,4750,1033,1365,433,9.3755,<1H OCEAN,500000
-121.5475,35.8802,17,13615,2204,5494,1912,9.6678,INLAND,491128
-114.2937,33.5402,15,9337,2084,5071,1589,1.4705,NEAR OCEAN,292994
-120.1666,34.6402,18,800,214,472,149,6.557,<1H OCEAN,435287
-115.2123,37.4307,23,11092,1388,6315,2004,9.1783,<1H OCEAN,500000
-121.9999,38.2629,51,13212,3085,5827,1599,11.3308,INLAND,500000
-122.1721,34.8563,30,6576,1202,1804,481,5.4261,<1H OCEAN,487245
-124.0318,33.0927,34,9809,1693,4714,1222,7.7746,NEAR BAY,500000
-117.69,36.2257,4,1724,328,870,236,12.3968,INLAND,500000
-120.5837,34.7515,3,3966,720,616,196,14.3545,<1H OCEAN,500000
-115.5163,34.6138,7,450,121,166,61,4.2244,<1H OCEAN,350293
-119.5138,41.5727,18,9936,1683,5679,1633,4.5426,NEAR BAY,500000
-114.4551,38.3432,42,278,70,109,46,14.1575,INLAND,500000
-122.4539,37.7847,7,3323,455,1015,417,6.5428,INLAND,326546
-115.4727,36.4583,40,9289,2705,5442,1927,11.0569,<1H OCEAN,500000
-116.4132,36.5821,6,7264,1685,1655,653,9.5717,NEAR OCEAN,500000
-116.4712,37.6345,22,13268,3279,3359,1085,4.9982,INLAND,375246
-115.7163,39.0964,1,8617,1496,4254,1094,10.1499,INLAND,449917
-116.5723,39.1502,4,13562,2633,4424,1906,10.1779,NEAR BAY,500000
-117.95,34.1639,46,1409,225,713,196,9.2942,<1H OCEAN,500000
-123.0087,37.2511,49,5353,1540,1225,538,2.3953,INLAND,334450
-124.0176,36.4224,52,5098,1059,1407,512,14.9324,<1H OCEAN,500000
-114.9389,40.733,50,13229,3088,3020,939,6.6058,INLAND,500000
-118.0478,38.4853,43,2378,599,1489,519,9.9355,<1H OCEAN,500000
-116.2094,37.5555,29,11071,2068,3904,1367,13.4007,NEAR BAY,500000
-119.4288,33.6347,21,7810,1949,2488,633,6.926,INLAND,387665
-123.1511,38.243,26,11277,2725,1771,568,11.835,INLAND,500000
-123.0706,33.6517,14,11198,2766,2538,1010,14.6055,NEAR OCEAN,500000
-117.3435,35.7197,9,9095,1892,3279,1154,6.0251,NEAR BAY,492150
-119.9523,33.8927,47,2744,518,505,150,6.6738,INLAND,415438
-122.3006,39.0555,12,5722,915,2319,735,13.6781,INLAND,500000
-119.3259,34.4888,42,2570,689,970,409,3.235,<1H OCEAN,356134
-123.6938,36.2335,51,3481,798,1857,659,1.4003,<1H OCEAN,362679
-118.4023,40.9693,51,4910,981,2356,837,13.7244,INLAND,500000
-121.6009,34.4706,6,528,153,196,86,12.5023,<1H OCEAN,500000
-116.1989,37.3234,20,13883,1785,3641,1143,14.6162,INLAND,500000
-121.1781,36.4912,24,5779,1577,2967,1026,1.8153,<1H OCEAN,335654
-119.6977,32.7204,27,4428,1326,2231,919,3.1865,INLAND,313125
-124.2312,40.0019,38,13322,3725,3019,1212,2.4744,INLAND,298163
-123.6096,33.199,8,6994,1859,4247,1287,10.5678,<1H OCEAN,500000
-120.3387,37.008,1,320,59,58,16,9.4841,<1H OCEAN,425716
-119.445,37.8204,49,6949,1123,1233,481,6.0307,INLAND,440946
-118.2178,38.4572,49,13963,3522,3402,1025,1.8039,INLAND,335721
-121.3692,39.0231,24,1164,203,703,305,9.9553,INLAND,474152
-117.2473,34.9308,47,4424,671,1813,500,8.9817,NEAR OCEAN,500000
-115.5595,32.6438,7,3875,1013,2107,660,2.5806,<1H OCEAN,336873
-116.3799,39.3504,19,5894,1038,1555,405,13.7247,<1H OCEAN,500000
-123.9451,37.5852,22,2276,647,899,351,3.7853,<1H OCEAN,324565
-119.4392,40.4095,35,7065,1916,2325,995,11.4091,INLAND,500000
-123.2776,40.2711,30,5843,1592,3294,1242,13.3911,INLAND,500000
-121.8763,40.4773,29,8724,2258,1407,615,9.1126,<1H OCEAN,500000
-114.2663,37.1099,22,11760,3275,3197,881,4.4559,INLAND,386011
-122.8937,35.6861,11,5449,1444,1233,329,5.3295,INLAND,322657
-119.2514,39.9906,20,1516,346,878,366,13.4005,NEAR BAY,500000
-118.0324,36.7922,29,1396,241,535,225,5.1756,INLAND,340429
-117.1708,34.2744,51,3370,943,1186,493,11.4467,INLAND,500000
-118.6304,40.5868,41,9821,2664,3680,1508,14.8623,INLAND,500000
-124.2501,40.8461,42,555,113,352,113,14.9974,ISLAND,500000
-121.0136,36.9333,34,12626,1603,7261,2131,8.4687,NEAR BAY,500000
-119.059,33.2616,1,9918,2330,4990,2174,12.5718,INLAND,469833
-123.452,36.1956,31,12289,1586,3628,1129,14.8635,INLAND,500000
-120.7666,40.1033,30,13685,3923,3182,1049,6.2454,INLAND,448415
-124.0107,41.0267,48,228,66,139,54,4.5337,INLAND,271258
-123.5469,34.4626,18,13418,2067,4851,1497,2.5993,INLAND,266435
-120.2934,33.1796,17,1213,293,351,145,2.9726,<1H OCEAN,312973
-122.9936,40.7971,38,11094,1515,4276,1128,12.9498,NEAR BAY,500000
-118.5497,36.2104,14,9219,2316,5613,2291,9.2421,INLAND,441669
-117.3037,37.6426,23,12838,2343,4410,1633,13.2319,NEAR OCEAN,500000
-116.168,41.6498,25,2224,539,959,349,12.0524,INLAND,500000
-122.3045,33.1757,15,8690,1626,4792,1637,10.4324,INLAND,500000
-122.6383,38.6442,46,6039,882,2195,670,9.5304,<1H OCEAN,500000
-123.2813,33.2466,22,10257,1980,2736,937,1.6767,INLAND,278984
-117.8457,36.0794,3,12408,1740,8031,2730,13.2119,INLAND,500000
-117.1298,40.1059,19,13703,3067,8609,3157,6.8498,INLAND,410662
-124.0272,36.6246,44,5991,763,3425,1049,8.837,NEAR OCEAN,500000
-114.7819,41.9235,34,10503,2257,5190,1378,1.3073,<1H OCEAN,373092
-123.8189,37.8052,35,954,266,283,78,14.105,INLAND,500000
-118.818,35.5689,50,9161,2480,5558,2166,13.6384,<1H OCEAN,500000
-117.1034,34.619,1,3935,1097,1132,288,8.6059,NEAR OCEAN,483404
-115.4487,35.8449,52,1438,411,791,333,9.0824,<1H OCEAN,500000
-117.052,36.0518,21,13321,1849,8114,3155,10.8702,INLAND,500000
-116.1563,33.1959,29,10605,1518,4788,1932,4.7057,<1H OCEAN,416967
-120.8808,36.024,6,2106,463,1161,484,4.1068,INLAND,314692
-116.0225,36.9138,37,7599,2134,4147,1138,10.4363,NEAR OCEAN,500000
-123.5312,39.3437,1,8161,2410,2012,833,2.4619,<1H OCEAN,380027
-115.205,38.7233,51,9956,1277,4818,1690,7.3569,INLAND,476514
-118.7536,39.2124,1,9610,1768,1890,807,7.8986,<1H OCEAN,500000
-115.9972,32.6286,27,4801,760,1939,828,6.3387,INLAND,466036
-119.7273,34.5961,21,9749,2496,2253,574,3.5938,INLAND,293668
-117.7726,38.7698,16,12231,2877,4380,1430,5.9744,INLAND,437092
-118.9702,37.0995,44,1660,235,940,333,5.7258,INLAND,347625
-116.8732,32.5999,40,7869,1629,5064,1953,7.9897,INLAND,441215
-123.5157,40.1122,26,12377,3012,3824,1174,10.4455,<1H OCEAN,500000
-123.7332,39.8144,16,1616,420,672,201,14.5553,INLAND,500000
-121.8246,37.7051,28,11245,1389,4561,1488,3.0183,<1H OCEAN,354149
-122.7195,33.1748,1,7966,2232,4996,1749,13.2222,NEAR OCEAN,500000
-115.4404,39.7552,36,13660,3038,5317,2340,4.9785,NEAR OCEAN,456536
-122.1096,38.0369,10,13248,3525,6618,2663,9.2792,<1H OCEAN,500000
-114.3767,39.9004,43,13320,3535,8137,2732,8.6543,<1H OCEAN,500000
-120.9069,39.6164,17,1628,250,548,142,8.7973,<1H OCEAN,500000
-122.4888,40.0982,23,4578,640,2751,780,11.127,NEAR BAY,500000
-116.2793,37.4193,7,7729,1930,4704,1604,6.3436,NEAR OCEAN,464204
-117.618,33.8691,44,4674,692,2876,1187,5.4674,INLAND,428914
-119.2584,38.8589,7,12685,3462,3618,1179,12.9397,INLAND,500000
-118.6742,38.3825,44,11454,2871,4010,1434,4.0813,<1H OCEAN,435288
-116.9998,39.5272,15,3271,888,1914,819,3.5234,INLAND,281005
-122.0152,34.1469,34,755,131,248,107,1.2185,INLAND,228366
-114.1675,34.3828,46,8747,1548,3937,1154,3.9481,INLAND,320983
-114.3876,40.9198,45,1763,424,368,95,8.2594,NEAR OCEAN,500000
-117.7037,39.5998,4,11892,1494,2118,658,8.5391,INLAND,446092
-122.3107,41.0873,14,1240,310,441,171,4.5619,<1H OCEAN,366430
-117.3981,39.6819,14,2886,780,1268,558,2.0118,INLAND,229774
-123.6121,38.1633,16,12866,2505,4456,1182,11.425,INLAND,490268
-124.0367,38.6988,7,13167,3392,5778,1477,11.6117,NEAR BAY,500000
-121.7165,40.9078,32,2753,416,1121,478,14.9697,INLAND,500000
-119.622,37.9908,19,1979,352,975,389,13.6004,INLAND,500000
-115.4763,38.4945,2,13386,3953,6355,2849,13.9649,INLAND,500000
-116.9183,34.0209,10,275,81,99,32,12.1749,INLAND,500000
-116.7595,37.0049,50,4526,960,1640,546,9.617,INLAND,486518
-120.0015,39.2841,17,6035,1739,1330,378,2.7996,NEAR BAY,394849
-120.8145,35.0969,37,5257,1125,2137,583,9.7124,<1H OCEAN,500000
-120.558,34.4512,12,11711,2019,5194,1899,1.7834,<1H OCEAN,393268
-114.2562,35.5,6,2549,428,989,319,13.3942,NEAR OCEAN,500000
-123.9401,34.8201,22,2973,854,930,247,7.7455,<1H OCEAN,485764
-115.4889,34.5702,32,2462,371,1257,537,10.7646,<1H OCEAN,500000
-118.4359,36.5436,41,3429,769,642,185,1.7314,INLAND,280176
-119.8674,41.0837,20,10508,2311,6380,2550,8.4795,<1H OCEAN,500000
-116.9379,37.3164,1,592,149,94,28,5.2177,NEAR BAY,424836
-119.3762,34.3165,47,1308,274,825,340,4.9896,INLAND,323371
-115.4236,33.2735,6,4562,771,1738,475,6.4552,INLAND,369753
-115.1448,39.0939,19,5388,810,1919,769,1.009,<1H OCEAN,300332
-120.04,36.1483,18,9002,2086,2504,675,7.5333,<1H OCEAN,407825
-121.5208,40.2752,6,13858,3456,2148,728,7.8119,INLAND,443857
-118.2962,38.7494,45,13496,3003,3878,1538,13.0838,INLAND,500000
-115.0256,40.0347,33,5257,1329,1076,306,7.2794,NEAR OCEAN,497710
-122.197,35.1063,23,11167,1624,5359,1645,6.0898,<1H OCEAN,465148
-117.9833,39.0582,23,4198,1170,1299,549,14.9265,INLAND,500000
-117.8955,35.0322,26,9064,2037,4836,2065,8.997,<1H OCEAN,500000
-116.8576,41.3772,13,6766,966,1714,443,7.6166,INLAND,417868
-123.0054,38.5319,7,3877,787,2326,659,7.9431,INLAND,444485
-117.0343,35.6004,15,5996,1631,2467,674,12.3285,<1H OCEAN,500000
-115.0597,35.0834,44,14650,4124,3036,868,5.7695,INLAND,405714
-122.5136,34.3447,27,6563,1100,2299,1020,6.4482,<1H OCEAN,485404
-121.9223,39.0796,26,8323,2064,2108,759,11.5822,INLAND,500000
-114.4223,34.6059,33,8422,1162,2104,722,2.0218,INLAND,303782
-122.5004,38.1459,15,7890,994,3181,1421,13.1124,<1H OCEAN,500000
-115.6182,35.0376,36,13854,3059,6732,2432,7.0228,NEAR BAY,500000
-119.3189,38.7725,45,1600,392,969,370,9.1381,INLAND,500000
-121.8233,40.2104,27,13641,3590,5471,1731,11.6047,NEAR BAY,500000
-115.4509,39.8634,5,4271,774,2703,882,4.7247,<1H OCEAN,422273
-119.799,39.702,2,9008,1091,5592,2062,13.4644,NEAR BAY,500000
-119.0886,34.3146,33,13026,2687,7588,2002,14.7091,<1H OCEAN,500000
-120.6786,33.3808,16,2986,366,1194,359,7.9198,INLAND,424488
-118.29,39.1201,23,7369,1006,1624,469,14.1171,NEAR BAY,500000
-122.6788,36.0125,38,1070,191,277,70,1.0158,<1H OCEAN,292365
-120.3531,36.6141,16,4396,873,2082,744,13.5193,<1H OCEAN,500000
-114.4426,32.8428,14,11996,2042,4329,1568,5.3546,NEAR OCEAN,407741
-121.7119,34.99,29,9804,2203,2190,715,5.3609,INLAND,395211
-117.6382,32.8666,26,2939,381,1144,347,4.1932,INLAND,309799
-121.0266,40.8143,35,1140,166,180,68,5.4382,<1H OCEAN,456701
-116.4451,34.8379,15,540,132,279,77,3.9888,INLAND,298201
-123.0125,37.789,3,11300,1645,2110,746,13.6822,<1H OCEAN,500000
-114.4384,32.9164,23,13531,3181,6285,2536,13.5863,NEAR BAY,500000
-119.7123,38.8184,29,7622,989,4165,1178,2.431,INLAND,393096
-121.9376,35.5865,34,4333,837,937,375,3.0,INLAND,320133
-123.5989,40.9904,33,859,130,351,141,13.0683,<1H OCEAN,500000
-122.6151,40.8983,41,10425,1456,5624,1473,6.5851,NEAR OCEAN,484444
-119.0379,35.6077,41,9952,2209,2789,707,3.3698,INLAND,356397
-120.9058,41.019,23,3657,1049,846,376,8.1494,NEAR OCEAN,496016
-115.8788,41.9139,7,10048,1304,3199,923,6.8334,<1H OCEAN,447264
-119.9463,40.3089,3,3175,621,1356,561,4.0683,NEAR OCEAN,421261
-121.8081,40.4918,32,9441,2335,4131,1496,11.0905,INLAND,500000
-118.0428,34.8907,31,653,132,140,42,9.8381,<1H OCEAN,500000
-117.1267,37.971,18,10096,2677,3824,1055,2.3953,INLAND,335208
-122.6428,33.1822,43,8384,1277,2382,832,13.9554,<1H OCEAN,500000
-122.6369,33.4422,7,5642,1651,3221,1067,8.8186,INLAND,500000
-123.9752,41.9396,41,11176,2115,3428,1336,4.5029,INLAND,394584
-116.824,35.6204,1,1018,184,579,249,3.8881,INLAND,289602
-117.5659,39.5829,14,5068,1406,1846,758,2.9033,INLAND,278980
-119.4993,40.1327,52,212,46,108,32,6.9449,INLAND,361458
-115.7226,40.6154,32,12371,2634,5010,2133,2.8976,<1H OCEAN,303123
-116.1161,41.9277,6,7927,1988,3654,1522,6.8214,NEAR OCEAN,472711
-118.3677,34.8201,39,1120,251,389,169,3.0828,NEAR BAY,412447
-115.4763,32.9293,10,5120,764,2734,934,10.1953,<1H OCEAN,489295
-122.2463,36.4152,7,2618,631,949,383,11.9934,<1H OCEAN,500000
-123.2062,33.7728,26,9706,1397,3675,1353,8.6933,INLAND,471450
-121.5932,32.7608,34,6675,1769,2729,851,10.5208,INLAND,500000
-123.7666,35.938,30,12069,3598,6829,3065,14.1373,INLAND,500000
-118.9214,39.9171,36,14796,2780,7097,1828,9.9372,INLAND,500000
-114.7779,37.8721,21,2217,443,719,203,6.0982,<1H OCEAN,417612
-123.9479,35.4901,17,8157,1047,3957,1695,7.2927,NEAR OCEAN,500000
-123.102,38.7008,33,9620,1178,4533,1188,13.0474,INLAND,500000
-119.7285,34.731,10,4992,1426,3072,1312,2.8301,<1H OCEAN,345069
-114.8058,32.6852,51,7030,1006,4012,1576,5.5603,<1H OCEAN,476686
-121.1189,39.7349,47,13437,2690,6365,1637,9.0819,INLAND,445339
-119.1661,38.4132,42,2634,702,844,283,10.4695,INLAND,500000
-123.9251,39.7156,51,3068,859,1656,663,11.689,INLAND,500000
-122.8339,32.916,12,10907,2328,4772,1749,5.4549,NEAR BAY,426361
-114.2666,40.4189,16,1638,363,1052,459,3.042,<1H OCEAN,360296
-114.4865,38.3735,41,12556,3020,3437,1455,14.3677,NEAR BAY,500000
-124.2995,37.8459,32,3743,1096,710,224,2.0695,INLAND,312830
-114.6225,38.4214,15,11567,2642,2139,570,2.3413,INLAND,295473
-117.8182,40.6757,27,1981,437,931,408,7.9292,NEAR OCEAN,487871
-115.4799,38.0672,28,6543,802,4054,1432,12.4698,INLAND,500000
-119.7026,38.0109,17,2463,331,371,98,11.8431,<1H OCEAN,500000
-119.0806,41.8624,46,10361,2319,5314,2196,14.1278,NEAR OCEAN,500000
-119.354,39.6633,50,411,118,196,83,2.9824,INLAND,330007
-117.5346,36.7076,2,8899,2456,4593,1735,6.2602,INLAND,379610
-122.9228,39.1995,36,6359,1887,2083,707,4.95,NEAR OCEAN,487321
-124.0437,36.2088,50,14009,3012,7848,3001,13.0522,INLAND,500000
-121.203,34.7014,7,7227,1892,1245,487,7.837,INLAND,494585
-117.1482,38.1604,13,531,144,280,120,1.3759,INLAND,245911
-122.2871,41.2749,15,7060,1670,2001,882,10.9115,INLAND,500000
-117.4675,41.2839,25,8244,1491,3202,1129,6.4418,<1H OCEAN,381497
-114.4375,35.7639,23,8369,1712,4697,1924,8.4361,NEAR OCEAN,500000
-123.3903,37.5102,22,8942,2453,2554,1131,13.513,<1H OCEAN,500000
-117.476,34.5394,26,5920,1028,1436,402,4.5943,INLAND,365757
-119.8149,41.9089,33,9333,2671,4579,1161,4.3637,NEAR BAY,500000
-115.4776,41.7725,11,14791,2386,6163,2611,4.6847,<1H OCEAN,443020
-122.5395,38.6554,10,927,236,377,108,5.7335,<1H OCEAN,427588
-117.2714,40.1115,25,5175,1208,1440,372,2.503,<1H OCEAN,338460
-115.7845,39.2719,37,11254,2868,1884,531,10.7611,INLAND,494164
-114.696,38.1257,48,3443,684,1222,399,3.9036,NEAR BAY,437099
-117.3672,33.0515,43,848,244,172,50,13.966,INLAND,500000
-119.2689,36.8248,38,5295,1238,3192,992,4.0196,<1H OCEAN,405601
-118.0356,38.893,41,14009,2408,2390,1063,4.579,INLAND,426387
-115.4698,38.9188,45,6814,1600,2492,974,5.1583,INLAND,414386
-118.5184,36.0574,24,11129,1910,1960,769,11.7595,INLAND,500000
-124.0394,41.4019,40,14100,2437,2788,749,6.9865,INLAND,413549
-114.8357,34.1232,46,11139,2137,5340,2116,12.4707,<1H OCEAN,500000
-117.303,37.2534,33,7335,2005,3473,1381,11.988,NEAR OCEAN,500000
-117.436,39.0443,17,1209,253,201,76,14.0129,<1H OCEAN,500000
-122.1458,39.1031,24,1750,423,263,77,11.5925,<1H OCEAN,500000
-117.6162,38.6472,37,9195,1752,1741,582,1.7268,NEAR OCEAN,349386
-120.3247,35.1377,2,12472,2088,6628,2778,12.7219,INLAND,500000
-117.6944,34.0183,32,7692,2244,3402,1306,14.133,<1H OCEAN,500000
-123.2606,38.5278,24,12701,2904,2147,851,14.9116,NEAR BAY,500000
-117.6268,38.1834,9,12656,3646,4987,1832,2.7537,INLAND,330529
-114.136,34.2359,4,3601,563,1822,619,9.5858,<1H OCEAN,500000
-123.8573,39.1783,17,7647,1119,4469,1795,3.7924,INLAND,319439
-114.3633,36.8286,17,13465,3690,8308,2189,4.6751,NEAR OCEAN,454152
-120.1914,38.8269,50,5624,1364,1764,678,11.4382,INLAND,500000
-115.4509,40.4213,48,4441,682,967,434,14.6873,<1H OCEAN,500000
-116.354,34.1454,30,14286,2406,3835,1557,9.328,INLAND,500000
-118.5551,32.73,40,13003,3434,6996,2155,12.9082,INLAND,500000
-116.803,39.8736,11,3361,677,2136,652,1.1244,NEAR OCEAN,321894
-115.3716,38.2812,21,12940,3114,4958,1901,1.5128,<1H OCEAN,332807
-120.2197,39.1266,21,4355,772,1318,565,9.3541,INLAND,451631
-121.0077,40.4287,18,7678,1448,2799,1023,6.4458,<1H OCEAN,485137
-117.5272,40.0964,29,8919,2660,2697,958,13.4566,INLAND,500000
-116.0938,41.5826,24,11690,1923,3252,917,5.2277,NEAR BAY,500000
-116.5594,37.5878,10,9415,1988,4207,1653,7.0487,<1H OCEAN,466175
-116.1963,37.1419,45,6817,1854,1076,420,8.3907,<1H OCEAN,500000
-119.8983,36.3277,17,5860,955,1639,726,4.8225,INLAND,381018
-115.9917,33.9947,18,12126,2361,5828,1806,13.7189,INLAND,500000
-123.1215,37.9325,42,13590,3135,2256,905,7.5035,<1H OCEAN,500000
-118.7853,35.1539,48,8824,1823,1690,569,6.9382,INLAND,458037
-124.2911,41.2103,20,1376,278,408,147,12.8965,NEAR OCEAN,500000
-121.0327,38.032,37,8156,1510,4803,1985,5.3677,INLAND,399721
-120.6048,38.1227,45,8792,1983,4681,1378,12.4445,INLAND,500000
-120.3011,35.8863,18,10496,2439,1690,538,2.7118,INLAND,267169
-117.2423,33.0387,17,11442,2718,4586,1855,3.559,NEAR BAY,442173
-120.3789,32.8484,9,2433,322,699,254,14.3118,<1H OCEAN,500000
-119.7644,36.5294,14,10837,2531,5140,1380,12.7943,<1H OCEAN,500000
-121.9223,33.3449,49,4900,1428,2502,840,6.4306,INLAND,499989
-120.5354,38.2544,29,11227,2440,6527,2397,9.9384,INLAND,499346
-122.0273,40.8311,31,14693,3654,5696,2460,14.2016,NEAR OCEAN,500000
-123.6019,40.8494,4,6106,1344,3951,1136,3.966,<1H OCEAN,369292
-118.1828,38.745,18,8060,2207,5158,2120,1.8261,NEAR OCEAN,350599
-117.5209,34.5356,20,7726,2219,4566,1260,8.5246,NEAR OCEAN,500000
-118.0188,40.6622,47,5759,882,2519,751,2.9964,INLAND,283713
-119.6131,40.8793,43,6932,1376,2419,722,3.6225,NEAR OCEAN,471792
-120.4686,34.3985,44,2713,517,901,383,13.4815,<1H OCEAN,500000
-115.5267,39.4818,9,8030,1549,1253,363,1.1036,<1H OCEAN,288944
-119.045,35.2433,13,14981,2136,4113,1675,12.4355,NEAR OCEAN,500000
-119.4528,40.0948,15,10165,2708,5178,1772,8.2373,INLAND,437116
-124.0879,41.924,27,7144,903,3227,1451,8.8301,<1H OCEAN,493367
-120.8624,32.8322,15,8110,1744,4932,2060,10.4048,INLAND,491570
-120.4644,40.9852,28,5849,1398,1023,407,7.0402,NEAR OCEAN,500000
-120.274,38.4027,37,1296,203,295,125,2.6186,INLAND,289001
-118.4206,41.6998,19,9320,2638,5075,1912,2.4395,<1H OCEAN,333296
-118.8966,36.9211,26,2151,582,708,296,11.5611,INLAND,500000
-118.1372,40.5154,52,10365,2122,2168,655,4.0945,NEAR OCEAN,420328
-116.5329,33.1365,26,14552,2823,9432,2542,1.3934,<1H OCEAN,325758
-116.0413,35.7016,25,9946,1617,5406,2017,14.7146,<1H OCEAN,500000
-117.0108,33.18,26,11170,2808,3958,1333,14.7255,INLAND,500000
-114.5845,41.7182,26,12813,1841,7196,2412,6.294,INLAND,407821
-124.1637,40.2296,46,9386,2275,4601,1634,1.3573,<1H OCEAN,320395
-122.3491,40.5639,28,7999,2172,4359,1404,11.1817,<1H OCEAN,500000
-124.2727,41.3669,49,9004,1450,5020,1883,12.6342,<1H OCEAN,500000
-117.7328,33.35,18,10985,3031,2113,541,2.7502,<1H OCEAN,331142
-115.1721,36.1746,32,795,100,366,162,2.8964,<1H OCEAN,321865
-121.8616,33.2177,3,13408,3811,2056,894,12.5111,INLAND,500000
-114.8757,34.5315,2,8075,1141,1386,605,13.9067,INLAND,500000
-123.7341,34.706,33,9233,2181,5558,1795,12.0706,INLAND,500000
-114.8001,36.9596,42,13713,2262,5674,2022,3.8104,INLAND,357187
-120.7564,35.0745,19,4639,1255,2402,1058,6.7613,<1H OCEAN,417019
-123.3135,33.4992,17,6172,1309,3513,1512,9.4118,INLAND,472382
-119.3844,34.1244,44,1058,152,661,269,3.2441,<1H OCEAN,381130
-121.7257,33.9344,33,5719,1274,3343,1108,3.9484,<1H OCEAN,427147
-121.4386,41.6969,12,7585,1467,2970,1077,4.9604,<1H OCEAN,398091
-121.2095,39.6873,49,8836,2112,2809,1147,8.1332,ISLAND,500000
-116.1431,41.647,3,10180,2837,2313,704,8.1513,<1H OCEAN,493372
-118.8398,36.6836,43,4517,874,1581,593,12.4001,NEAR BAY,500000
-121.1684,35.1667,49,3654,629,1217,505,11.5421,INLAND,500000
-118.1124,40.054,26,12344,1513,5305,2076,13.7923,INLAND,500000
-117.0309,35.6168,35,13079,2922,6313,2183,12.6606,NEAR OCEAN,500000
-121.5638,35.3642,8,1230,236,786,288,4.5543,<1H OCEAN,382217
-120.1235,34.7356,52,9687,1815,4980,2229,5.6382,<1H OCEAN,381743
-123.1043,33.769,36,8106,1239,3825,1416,8.0059,NEAR BAY,500000
-122.4987,34.9608,7,13505,2666,4288,1745,1.1998,INLAND,272456
-117.389,35.89,46,10455,3107,1748,691,13.6546,<1H OCEAN,500000
-122.4957,38.8855,46,1647,285,484,188,1.6208,<1H OCEAN,324605
-118.9828,33.1381,36,10437,2379,5575,2192,5.5142,NEAR BAY,500000
-117.1035,34.5288,16,13011,3379,3287,1120,8.9684,NEAR OCEAN,500000
-123.2577,40.1548,24,3050,777,1543,532,8.2498,INLAND,396284
-118.5521,33.9311,1,12216,2188,5373,1846,10.1624,<1H OCEAN,500000
-121.7279,35.7709,49,10460,2405,2467,633,8.3853,NEAR OCEAN,500000
-114.5089,40.6778,25,12153,3364,3412,1017,4.206,<1H OCEAN,411582
-119.4082,34.0063,10,8306,1019,3307,928,3.8151,INLAND,326387
-116.1128,33.3277,16,10667,2116,3831,1636,13.7015,INLAND,500000
-118.7267,37.1047,16,7351,1178,3964,1208,4.6955,INLAND,305679
-123.9063,35.3927,8,10200,1937,5275,1464,4.9337,INLAND,331672
-117.8792,37.846,29,9703,1890,4242,1162,6.7813,NEAR OCEAN,500000
-114.6267,40.1058,39,7152,1819,4013,1565,2.9521,NEAR OCEAN,405064
-118.2015,33.8392,28,4255,582,1835,460,8.1018,INLAND,422873
-115.9779,38.0086,6,5602,1189,3541,1219,10.3104,<1H OCEAN,500000
-115.3134,37.3018,16,10843,2402,2804,767,12.004,<1H OCEAN,500000
-122.019,33.9043,20,9481,1981,4807,2018,10.9604,<1H OCEAN,500000
-122.1829,38.4156,16,1872,471,627,276,3.0669,INLAND,241332
-118.1058,35.1222,7,12067,2281,3493,1543,7.3849,INLAND,420644
-120.1493,37.1356,41,4732,1372,1136,384,1.5402,<1H OCEAN,309133
-115.7666,33.3234,14,5124,1059,2184,827,1.2492,<1H OCEAN,316880
-115.1518,36.8701,43,12746,2840,3285,1215,7.1618,<1H OCEAN,500000
-120.738,35.4308,26,10395,2792,2600,832,4.5414,INLAND,324215
-121.9292,40.2804,26,6285,1065,4055,1373,10.5671,INLAND,500000
-116.373,33.0856,14,12590,1681,6935,1822,11.1394,INLAND,500000
-121.5415,36.4849,7,13480,3334,7065,2890,13.5357,INLAND,500000
-115.9429,36.8593,33,7934,1641,4340,1294,11.6496,INLAND,500000
-120.0194,39.3651,26,5064,1424,3212,1098,1.6754,INLAND,342316
-117.5276,37.9483,45,9516,2825,4155,1438,6.2027,<1H OCEAN,488902
-123.3736,38.8218,20,1421,272,369,133,4.8223,INLAND,376288
-117.9742,39.8543,3,3060,596,1778,735,6.4059,INLAND,327633
-119.7329,40.6547,52,10665,2062,5560,2159,3.2411,<1H OCEAN,384341
-118.3549,35.5004,4,11382,2030,4065,1555,2.3679,NEAR BAY,405512
-122.6329,37.6074,26,10902,2842,4216,1498,8.2938,INLAND,438090
-116.8192,40.447,11,8628,2214,3068,825,11.0853,INLAND,500000
-115.5322,41.8508,2,9536,1965,5864,1937,10.8268,INLAND,500000
-122.1349,40.9115,14,3453,442,1111,490,7.3132,<1H OCEAN,438114
-123.3718,36.0418,44,3982,699,2515,1129,8.3119,<1H OCEAN,500000
-124.1084,34.3846,30,7157,1235,4330,1715,8.2286,INLAND,394853
-117.7891,37.1503,49,966,256,449,132,10.682,<1H OCEAN,500000
-118.1455,39.5214,12,2881,391,1267,342,1.671,<1H OCEAN,299088
-118.7628,37.1801,26,7910,2096,2650,882,10.9385,NEAR BAY,500000
-121.9795,37.0919,44,7682,1847,1222,514,9.1508,INLAND,482446
-120.3549,40.4294,33,5286,1331,1130,445,3.7735,<1H OCEAN,443537
-118.2745,35.9472,13,8164,1614,4303,1836,1.6868,<1H OCEAN,369465
-119.273,40.6321,14,2865,694,1105,412,2.5194,INLAND,296637
-114.2548,36.374,24,10151,2330,2283,630,8.3457,<1H OCEAN,500000
-122.9556,35.6354,34,14808,3826,4175,1139,11.6177,<1H OCEAN,500000
-117.2456,36.8175,44,14767,2959,9213,2391,5.6852,INLAND,373790
-120.2179,39.717,26,11883,2437,3963,1440,6.3077,<1H OCEAN,445643
-119.9738,33.7344,21,11207,2643,6767,2020,14.078,INLAND,500000
-117.0162,34.3963,28,3713,517,1122,445,3.9822,INLAND,308326
-117.2733,41.4936,48,695,137,293,113,2.4525,<1H OCEAN,353171
-114.2194,34.1996,36,13535,3992,2168,679,5.8077,<1H OCEAN,482563
-123.0378,37.8866,40,11572,1466,4755,1356,11.4429,INLAND,500000
-123.286,37.9956,2,6022,1065,2821,763,9.7651,INLAND,472890
-116.9473,37.1525,42,12322,2175,3291,1308,6.8211,<1H OCEAN,500000
-118.4389,38.6106,9,2272,531,998,339,14.5065,<1H OCEAN,500000
-121.5481,34.7104,23,14823,2061,7019,2208,11.29,NEAR BAY,500000
-123.5383,37.745,15,7995,1863,3945,1662,1.8661,<1H OCEAN,258616
-123.4746,36.0484,13,8729,1196,4697,1731,11.4248,NEAR BAY,500000
-115.2114,38.7697,23,4149,568,1268,448,1.3365,<1H OCEAN,365948
-122.3891,33.8775,17,6233,1564,2704,1078,10.1045,<1H OCEAN,500000
-121.0451,37.9162,48,11500,2050,7369,3044,3.9468,INLAND,350681
-122.0336,34.2915,2,10209,3021,6115,2367,10.7502,<1H OCEAN,500000
-120.7219,35.1692,20,8528,1080,5341,1805,5.3369,<1H OCEAN,456184
-123.6405,34.6059,20,2755,551,945,307,13.2221,<1H OCEAN,500000
-119.0452,34.2687,46,6570,922,3570,1443,5.7168,NEAR BAY,500000
-123.659,40.3117,3,4615,845,2122,750,9.6757,INLAND,500000
-116.1704,35.2357,12,6159,1845,1178,460,5.003,INLAND,330412
-121.9615,41.265,40,9307,2605,5230,2238,13.8411,INLAND,500000
-118.8311,41.6673,2,13693,1762,6689,2897,11.9339,INLAND,500000
-115.3556,37.9198,36,6193,1371,1544,471,4.4062,INLAND,340441
-117.698,33.8942,14,14621,3459,2776,798,14.2832,<1H OCEAN,500000
-118.9032,36.0708,16,11930,1881,6782,2049,6.0002,<1H OCEAN,493557
-121.0353,40.0487,19,5221,762,989,395,10.1261,<1H OCEAN,500000
-120.9467,36.0035,34,10492,2967,2053,665,11.3999,<1H OCEAN,500000
-117.5078,33.368,44,3107,914,1130,321,1.3206,<1H OCEAN,253024
-114.1899,37.7838,46,3114,929,676,182,14.4255,<1H OCEAN,500000
-117.586,40.4941,6,13746,3603,8341,2631,5.8222,NEAR BAY,500000
-118.6495,40.0317,13,10374,2483,3995,1107,3.6569,NEAR BAY,452632
-116.8828,34.1962,36,4070,741,1768,497,12.9099,<1H OCEAN,500000
-119.5956,38.874,22,12920,1949,7933,3068,10.8406,<1H OCEAN,500000
-123.7353,34.6227,18,11959,1605,4964,1260,2.2144,<1H OCEAN,386206
-118.6033,34.6012,12,9390,2298,3068,839,2.6386,<1H OCEAN,419524
-114.5631,40.7663,52,10539,2753,5781,2421,11.0127,<1H OCEAN,500000
-122.5584,34.8969,30,5285,1420,1962,822,2.047,NEAR BAY,400802
-117.2982,35.0245,51,13086,3722,4046,1277,13.8405,<1H OCEAN,500000
-122.2965,32.5561,40,6746,1878,3451,923,11.3816,<1H OCEAN,500000
-118.8738,40.7343,7,595,178,327,127,5.6969,<1H OCEAN,379067
-123.362,40.0004,32,11990,1965,6544,2107,6.0811,NEAR BAY,500000
-119.7472,38.4469,48,12902,3320,8242,2135,8.0909,NEAR BAY,500000
-116.622,39.6025,19,1138,256,618,174,6.0536,INLAND,347762
-120.7978,33.9793,6,10028,1674,5364,1488,11.9686,INLAND,500000
-117.5546,36.8582,20,11116,3298,6433,2366,14.6463,<1H OCEAN,500000
-116.2205,35.8515,27,2710,763,406,174,9.1833,<1H OCEAN,500000
-114.8742,33.4315,43,4836,692,1601,654,7.2445,INLAND,466799
-121.952,37.1196,37,1849,230,959,344,4.1188,NEAR OCEAN,475894
-120.269,41.205,48,3890,948,1749,584,10.1481,<1H OCEAN,500000
-122.7923,32.9266,7,14433,3301,3446,1287,10.5981,<1H OCEAN,500000
-114.2068,35.2897,5,3635,1048,1097,371,10.5927,INLAND,424441
-114.8761,34.5009,11,3401,551,1082,323,1.3778,<1H OCEAN,299593
-118.8316,34.7886,15,4379,591,1900,733,13.5877,INLAND,500000
-115.7444,41.0893,3,12758,2126,7218,3065,5.7335,INLAND,406906
-119.0258,36.9498,5,10683,1318,6583,2136,11.4183,<1H OCEAN,500000
-117.977,36.9332,23,12875,1628,6759,2827,11.6373,INLAND,500000
-123.4391,39.6994,37,8605,2449,4917,1653,10.1078,NEAR BAY,500000
-116.6311,34.0022,9,3437,630,1323,436,6.5281,<1H OCEAN,403001
-123.0448,37.1303,15,4062,787,1400,357,9.5174,<1H OCEAN,466013
-115.9076,36.5919,3,258,31,89,34,1.5628,<1H OCEAN,289264
-116.3577,38.161,29,14113,2380,6464,2659,11.6665,INLAND,500000
-117.1066,41.9458,6,11322,2998,2401,918,2.3942,NEAR OCEAN,381454
-123.9804,39.7828,17,5138,1185,2259,633,6.5545,INLAND,465882
-121.252,36.2899,26,3171,810,1530,414,2.4507,<1H OCEAN,371411
-121.661,40.329,21,9919,1988,3664,1335,12.719,NEAR BAY,500000
-120.6694,34.1547,8,14217,2498,8908,2942,8.7042,INLAND,416860
-123.4543,32.8364,21,8514,1761,3866,1298,10.6734,INLAND,498401
-114.7743,34.4718,11,12111,2157,3148,1396,10.5562,<1H OCEAN,500000
-118.6901,35.7499,38,9828,2663,3829,1511,12.7825,<1H OCEAN,500000
-121.2275,37.3495,8,9554,1658,4659,1548,2.856,INLAND,344800
-120.2928,38.3322,42,11692,2791,3645,925,10.2362,INLAND,500000
-119.7796,41.1097,24,3545,512,672,172,9.0519,INLAND,441605
-118.2119,37.3426,35,2686,654,1186,458,1.4326,<1H OCEAN,348356
-119.0798,37.262,14,761,216,474,197,3.8199,INLAND,336729
-114.9538,33.0223,14,4181,959,1641,642,4.746,NEAR OCEAN,409554
-119.271,32.8782,10,6461,1426,3896,1290,2.0158,NEAR BAY,405154
-114.2101,37.7309,12,1937,567,1099,281,5.9661,<1H OCEAN,388490
-115.6484,36.6689,38,9296,2165,2079,921,1.3808,INLAND,277375
-122.219,40.4383,44,3754,625,1892,846,8.7446,INLAND,446384
-114.8393,34.0604,46,12882,2223,4737,1704,3.961,NEAR OCEAN,491029
-123.1607,32.7847,34,10118,2498,2783,735,5.018,NEAR OCEAN,444541
-115.9957,36.771,41,11315,2855,5583,1999,13.7466,NEAR BAY,500000
-120.46,34.7823,10,11923,2082,6215,2662,8.0394,NEAR BAY,500000
-115.3771,33.0164,17,12298,2240,2950,1138,4.7662,<1H OCEAN,500000
-115.4785,39.3612,17,14204,4238,8624,3397,9.3785,INLAND,485702
-116.1134,33.599,3,9326,1290,4901,1308,3.8234,INLAND,292087
-116.2759,38.2682,31,13589,2620,8380,2273,2.0415,<1H OCEAN,358842
-121.2362,35.1919,51,7295,957,2250,619,1.2927,<1H OCEAN,317439
-123.523,34.1809,1,13923,3728,8627,3717,14.3214,<1H OCEAN,500000
-120.2315,36.1197,12,8466,1156,2829,1004,11.1446,NEAR OCEAN,500000
-122.5766,40.0836,39,494,119,87,35,12.1993,<1H OCEAN,500000
-117.2476,36.2357,4,8412,1094,4470,1220,14.7328,NEAR OCEAN,500000
-120.8129,39.6072,42,11634,2805,5837,2542,14.0428,INLAND,500000
-114.3793,33.7296,13,9430,2562,4233,1753,11.3168,INLAND,500000
-117.7993,39.8141,34,5530,1060,2184,644,10.7158,<1H OCEAN,500000
-115.9442,34.7772,42,4855,1038,806,342,5.7159,INLAND,385325
-122.9956,38.9175,21,1309,251,605,183,2.4562,INLAND,191778
-115.5402,37.8683,22,13660,2378,4895,1424,9.0321,<1H OCEAN,500000
-114.9194,41.284,4,3971,1050,1707,516,9.0675,NEAR OCEAN,500000
-119.3722,36.1908,18,8763,1480,3195,1380,14.3313,INLAND,500000
-118.1541,33.172,5,6323,1581,4002,1733,7.196,<1H OCEAN,491202
-116.5336,32.7301,19,7847,1232,3547,1120,10.6713,NEAR OCEAN,500000
-122.5631,40.3225,2,13305,2194,6980,2729,9.0496,<1H OCEAN,500000
-119.2138,37.4825,12,1374,248,849,326,3.4746,INLAND,286613
-120.2757,39.8373,17,1364,308,608,250,9.2889,INLAND,492987
-122.8541,34.7536,10,9484,1913,1479,457,8.5616,<1H OCEAN,480969
-120.5938,35.7938,34,9675,2458,1617,569,7.9147,INLAND,450807
-123.6533,32.833,6,10403,1648,5213,1999,8.1879,INLAND,481084
-124.0862,41.588,8,9237,1126,2674,682,3.2958,INLAND,327594
-122.9686,38.828,51,10383,2697,4565,1485,7.4887,<1H OCEAN,500000
-114.507,41.3221,11,8912,2387,2238,870,9.4791,<1H OCEAN,500000
-118.7338,35.0457,12,4666,609,1330,399,7.8523,<1H OCEAN,468546
-114.4793,38.2978,9,5738,1319,2308,1019,7.8416,NEAR BAY,500000
-119.9299,38.9279,2,12588,2367,8028,2055,2.0852,<1H OCEAN,359198
-121.1632,35.535,8,13148,3456,6023,2659,3.6708,INLAND,370912
-119.1772,40.5222,11,14169,3930,8757,2568,5.4936,NEAR OCEAN,483912
-119.8582,41.4533,36,7311,1997,4603,1195,6.8709,NEAR OCEAN,500000
-123.2701,40.8676,10,8634,2243,2193,676,9.3151,NEAR OCEAN,500000
-117.8008,39.4972,21,3000,505,916,373,13.0868,NEAR BAY,500000
-122.1421,35.1582,20,4807,1279,2571,1029,3.2283,INLAND,229611
-118.0178,35.1972,48,11288,2438,6585,1921,1.2112,<1H OCEAN,389144
-117.7049,41.6056,8,10994,1423,4503,1302,7.2893,<1H OCEAN,500000
-122.7963,32.6467,36,7462,1509,4825,1826,7.0494,<1H OCEAN,470161
-123.723,39.2809,29,10665,3088,1661,567,8.7266,INLAND,468920
-116.3706,39.1887,42,1741,487,521,212,12.6651,<1H OCEAN,500000
-119.6508,38.4033,12,14749,2041,6807,1734,12.233,INLAND,500000
-123.7556,41.857,14,2965,752,1140,424,2.4006,<1H OCEAN,300124
-114.1825,35.4817,48,10506,2784,2188,866,14.0759,<1H OCEAN,500000
-123.7595,35.7457,50,4691,792,1566,702,2.5458,INLAND,287530
-117.2467,33.292,21,13099,2683,2131,822,9.884,<1H OCEAN,500000
-114.2968,36.7123,22,3283,814,1547,458,10.4137,INLAND,500000
-121.9056,35.0039,21,5556,1105,3313,899,10.5183,ISLAND,500000
-122.8962,35.7778,44,2057,288,1218,460,4.7149,NEAR OCEAN,431385
-123.1094,40.395,50,969,239,484,171,5.6248,<1H OCEAN,447407
-121.2505,41.3436,30,1622,460,621,266,8.6815,NEAR BAY,500000
-123.3173,34.2959,39,8798,2089,3572,1412,3.7942,<1H OCEAN,392115
-117.2761,36.0516,20,3172,822,692,243,1.2843,INLAND,265739
-123.7134,41.2791,24,2072,382,664,219,8.87,<1H OCEAN,500000
-119.1437,33.131,23,5799,887,1414,467,7.5139,<1H OCEAN,476276
-114.1638,33.4182,7,11086,2612,6214,1834,10.1942,NEAR BAY,500000
-116.0312,34.0802,9,2469,441,1499,379,3.0538,INLAND,239206
-118.0625,38.145,1,5475,1504,2291,836,12.7729,NEAR OCEAN,500000
-121.2201,33.9644,26,4949,703,2543,743,3.0471,INLAND,356795
-117.9738,41.6499,38,6771,1340,1426,415,13.4788,NEAR OCEAN,500000
-118.9636,36.7491,38,9573,1832,4348,1196,7.2933,NEAR BAY,500000
-119.9954,37.2643,44,5272,1522,2643,760,8.6973,INLAND,480557
-123.0141,34.8686,22,9831,1450,3700,948,13.5521,INLAND,500000
-115.2889,36.977,44,11445,1393,3108,1196,5.1988,INLAND,391052
-119.7532,38.772,10,14906,2427,8774,2897,3.5456,NEAR BAY,498464
-122.361,39.6111,6,5663,1515,2952,1069,7.2405,<1H OCEAN,447567
-120.5915,39.6364,17,11725,1848,7034,2654,4.4211,INLAND,347985
-120.1176,37.9822,51,7650,1249,4277,1901,8.3898,<1H OCEAN,500000
-115.8926,41.051,50,11289,1618,7283,1920,4.8536,<1H OCEAN,492959
-116.8525,40.2336,38,11295,2809,2779,927,13.1029,<1H OCEAN,500000
-116.4877,39.6663,24,8620,1141,1666,498,9.5025,INLAND,500000
-124.2373,33.0727,51,4159,747,1324,457,1.0034,NEAR OCEAN,386194
-120.0969,32.6147,10,14815,2531,3177,1379,12.2766,INLAND,500000
-119.4307,34.547,8,10285,2261,4232,1670,5.623,INLAND,420756
-124.1539,38.7871,21,1513,380,705,269,5.4829,INLAND,372744
-121.6947,36.4153,6,8047,1737,3533,1195,6.3629,INLAND,385262
-116.5798,36.3326,21,1270,365,355,136,9.8237,NEAR BAY,500000
-122.9487,40.8651,39,9366,2727,5660,1451,7.1888,INLAND,432505
-118.8791,40.9683,24,10130,1874,1626,597,9.8009,<1H OCEAN,500000
-122.1506,41.0962,33,3485,906,1129,407,3.0549,<1H OCEAN,327104
-124.2261,35.5005,18,9149,2314,4661,1488,14.5823,NEAR OCEAN,500000
-121.8849,39.0459,28,3295,925,1757,510,11.2145,NEAR BAY,500000
-114.3766,35.1034,52,520,104,186,76,4.5029,<1H OCEAN,453521
-116.1583,34.3417,32,2521,543,399,104,11.1384,<1H OCEAN,500000
-114.5431,34.2855,12,755,147,346,91,9.0504,INLAND,435218
-119.3641,35.7658,48,5139,1403,932,315,2.5286,INLAND,309320
-123.2285,36.5916,42,5632,908,1148,344,3.4947,INLAND,323599
-118.7499,40.3609,27,1586,258,753,300,1.5783,NEAR BAY,370722
-119.7063,33.677,10,4963,928,1519,572,12.3293,NEAR OCEAN,500000
-115.7207,39.4583,46,11439,1846,3706,1499,8.7239,NEAR OCEAN,500000
-123.3476,37.5457,52,10819,2390,4256,1340,5.4345,INLAND,439898
-119.3602,35.2567,42,7054,1017,4509,1795,2.7688,<1H OCEAN,348072
-122.8165,37.1825,32,14430,2563,9130,3857,7.7766,INLAND,455186
-121.0318,35.3695,42,10396,2956,3723,1187,8.3537,INLAND,459124
-116.8142,38.1532,26,10322,1998,2918,927,10.8273,<1H OCEAN,500000
-119.4851,36.6281,25,7837,1995,2361,1015,14.5791,<1H OCEAN,500000
-120.5084,34.0954,11,5041,707,1433,372,7.0892,INLAND,419107
-120.3185,33.6459,23,13162,2165,5477,1752,6.6845,INLAND,415867
-119.6545,37.6889,34,10555,2800,4785,1309,6.179,INLAND,448285
-116.3271,41.0327,52,13553,3487,5345,1367,12.5769,<1H OCEAN,500000
-115.2329,35.7832,40,4067,770,1439,392,3.1884,INLAND,321254
-114.5865,39.4402,23,10818,3156,2765,929,5.8134,<1H OCEAN,500000
-116.3078,38.7414,29,3993,1133,1562,605,11.1496,INLAND,500000
-121.1265,41.3066,31,7573,2220,2427,747,1.2197,INLAND,281571
-117.3173,40.2672,7,2713,534,1141,479,5.0513,NEAR OCEAN,372954
-119.8777,37.8761,40,4003,622,1951,658,9.9803,NEAR OCEAN,500000
-121.7473,38.7261,33,2527,588,1179,523,3.6033,INLAND,318846
-115.7563,40.9948,21,9009,2191,3434,1513,5.2379,INLAND,409375
-123.9573,36.3055,2,2365,337,1012,409,7.8046,INLAND,416668
-115.134,35.6219,18,3508,917,1025,447,6.9083,<1H OCEAN,494849
-119.6337,32.6516,47,6652,819,1078,421,2.4844,INLAND,300841
-117.8378,40.3196,33,8267,1710,3823,1640,14.1353,INLAND,500000
-117.6114,40.0792,37,7842,1408,2166,643,1.6201,INLAND,285660
-115.2019,33.5319,34,14635,3706,7090,2262,11.4964,INLAND,500000
-117.8432,37.9725,20,6604,1164,3457,1384,1.9999,NEAR BAY,459930
-118.0756,36.9114,35,1192,320,724,242,7.5421,<1H OCEAN,500000
-123.6688,33.6659,51,5624,1277,3537,1476,3.4558,<1H OCEAN,435587
-119.0519,41.7673,50,9769,2568,1516,645,2.9754,NEAR BAY,500000
-122.8153,34.5681,18,4581,1365,2955,915,2.7626,NEAR OCEAN,353948
-116.8134,33.182,46,14863,3600,7305,3029,7.339,<1H OCEAN,500000
-119.1151,38.1416,24,3374,1003,1591,446,8.2168,NEAR BAY,500000
-117.3981,39.4953,8,14598,1827,2300,728,2.8674,<1H OCEAN,370264
-123.9241,32.855,30,4982,901,2892,1022,14.7115,INLAND,500000
-123.4834,38.7419,44,9697,1351,2159,637,4.6087,INLAND,373670
-117.0292,37.5535,10,5760,963,3275,1198,7.4238,INLAND,364167
-123.6133,33.5207,23,7660,2075,1208,441,4.0278,INLAND,295574
-123.6218,34.1717,52,13225,1663,6255,1822,7.9149,<1H OCEAN,500000
-124.2263,37.889,49,3278,700,1204,492,11.5842,<1H OCEAN,500000
-114.5746,35.3358,11,11078,2460,2773,1043,8.2954,INLAND,466665
-116.8127,41.3702,2,3183,703,648,203,4.9991,<1H OCEAN,450584
-120.7398,40.2462,26,7459,1533,2760,818,4.4776,NEAR BAY,452524
-121.3194,41.7955,36,6254,1640,1323,563,11.6251,INLAND,500000
-120.776,34.9909,33,14382,2071,5655,2358,2.6553,<1H OCEAN,404635
-116.433,41.6654,47,2723,478,1259,372,6.1795,INLAND,379257
-117.5908,36.6036,13,11974,2763,6749,1735,3.1208,<1H OCEAN,348074
-122.4573,35.8167,40,9877,2413,4833,1985,4.6117,<1H OCEAN,420137
-122.5706,33.0233,25,10492,2022,1915,714,3.1376,INLAND,352836
-123.3444,33.046,4,4781,1327,1452,392,13.4148,NEAR BAY,500000
-117.6017,39.0549,42,12107,2358,3559,1307,11.2467,INLAND,500000
-116.5381,36.8545,19,5809,1118,3529,1201,8.853,<1H OCEAN,500000
-121.6412,34.6793,18,2201,278,1285,520,4.142,INLAND,207254
-124.1359,38.3213,37,1587,347,531,154,8.1432,<1H OCEAN,494516
-123.5102,34.9269,30,11575,2865,2148,731,8.2917,<1H OCEAN,500000
-114.4585,37.9797,19,6752,949,4031,1133,9.2657,NEAR OCEAN,500000
-121.3306,35.9266,23,1230,215,730,322,1.8412,NEAR BAY,393312
-116.4885,40.2914,16,10157,2647,5864,2379,14.6206,<1H OCEAN,500000
-117.9659,40.2645,1,13155,2445,7531,2992,7.5161,INLAND,393873
-120.4466,37.0371,12,1420,232,553,214,13.9714,NEAR BAY,500000
-122.2479,35.8477,24,13322,3210,3180,1064,1.1373,<1H OCEAN,389391
-123.1094,35.9581,34,13363,2076,5194,2257,4.4658,<1H OCEAN,422414
-118.0646,40.1237,8,12198,3430,4846,1282,2.4559,NEAR BAY,344632
-116.4332,35.6349,18,10806,1502,4268,1752,11.7746,INLAND,500000
-117.7693,34.5152,48,13489,3334,5657,1657,5.4818,<1H OCEAN,466180
-118.9303,33.3461,5,12737,2673,3551,1117,12.7669,INLAND,500000
-123.9213,36.9369,26,6235,1724,2077,735,12.6534,<1H OCEAN,500000
-114.452,37.082,30,10010,1428,3674,1493,10.3491,INLAND,434893
-116.1871,40.4545,13,9655,2336,2081,869,10.3209,NEAR OCEAN,500000
-121.3574,34.6296,19,6723,1499,2539,931,10.8022,INLAND,500000
-114.3347,36.1313,29,8274,1707,4594,1518,10.4327,INLAND,500000
-118.1988,40.149,3,9263,1930,5224,2294,6.4167,<1H OCEAN,465445
-118.3976,40.2921,26,1034,258,367,109,10.5596,<1H OCEAN,500000
-116.7047,36.1653,40,11214,3238,4591,1885,13.5637,<1H OCEAN,500000
-116.0537,36.8658,12,9310,1270,1553,578,5.656,NEAR OCEAN,442963
-117.6408,35.4009,2,1924,237,937,304,14.2284,INLAND,500000
-123.0409,41.316,11,6798,1801,2394,599,1.1901,<1H OCEAN,241304
-120.8929,33.6653,44,2613,364,973,330,5.8872,INLAND,368420
-114.865,41.3272,28,9705,2888,5695,1738,2.8494,NEAR OCEAN,433374
-122.0544,38.9783,18,6193,1433,2359,638,2.7727,INLAND,266700
-120.5465,37.5468,13,4698,1114,754,199,12.416,<1H OCEAN,500000
-119.9342,32.857,37,2305,359,607,193,13.8572,<1H OCEAN,500000
-119.8593,37.0206,22,2768,451,1073,400,11.8886,<1H OCEAN,500000
-118.0858,36.3828,12,13815,3297,5003,2088,14.6726,NEAR OCEAN,500000
-114.7118,34.0655,2,9530,2704,5529,1585,4.0286,INLAND,373519
-121.8901,38.7203,37,409,121,172,57,2.9712,INLAND,246976
-123.1083,41.6788,7,9456,1471,4678,1536,8.2899,NEAR OCEAN,483958
-122.3319,37.8346,26,5111,736,1966,693,12.6065,NEAR BAY,500000
-115.2856,39.2687,26,2420,314,894,368,1.5577,<1H OCEAN,325572
-117.7498,33.1934,24,433,119,161,58,14.9379,<1H OCEAN,500000
-121.428,36.4761,12,992,171,352,147,9.4314,INLAND,467351
-116.011,33.6438,16,14395,1732,6035,2134,14.7052,<1H OCEAN,500000
-115.5468,38.3103,23,14101,2260,3880,1438,6.1111,NEAR OCEAN,461544
-115.6986,41.3717,40,3310,600,1971,665,7.4123,NEAR OCEAN,500000
-114.9586,38.7707,9,2366,705,748,310,11.5331,INLAND,500000
-121.7721,33.2719,32,8726,1869,1952,848,12.0978,<1H OCEAN,500000
-116.6335,35.8839,15,9751,1529,1933,730,4.2625,<1H OCEAN,400649
-119.6433,37.7262,37,14127,2546,2213,916,14.0172,INLAND,500000
-115.7448,36.3402,13,5393,967,1949,510,13.1439,NEAR OCEAN,500000
-116.9048,40.3863,5,1414,174,344,148,1.2549,<1H OCEAN,233322
-116.4147,40.2079,11,4619,666,742,213,2.8,<1H OCEAN,348271
-117.644,38.3012,10,7514,1841,3080,928,7.9454,<1H OCEAN,500000
-122.5367,36.0605,52,14278,2022,6996,1823,7.4534,NEAR BAY,500000
-118.7798,34.9502,13,8675,1401,1673,741,10.9175,INLAND,500000
-114.2867,33.5452,41,412,75,156,65,2.256,NEAR BAY,331668
-114.7699,35.886,46,1858,476,969,419,10.028,NEAR OCEAN,500000
-123.9088,36.4338,50,12470,2803,8017,3362,9.6292,INLAND,500000
-122.6656,38.9027,15,14229,3472,6881,2380,4.2707,<1H OCEAN,423347
-123.0037,38.7367,42,5224,1160,1423,618,8.5935,<1H OCEAN,500000
-116.9305,33.209,7,13239,3217,6729,2986,4.1109,INLAND,360430
-115.9922,36.2654,40,9809,1182,4403,1543,3.0569,NEAR OCEAN,368031
-122.1679,34.2587,28,10778,3099,2758,786,9.0239,<1H OCEAN,500000
-119.1802,34.024,32,6117,856,3520,1343,14.6846,<1H OCEAN,500000
-115.758,40.3266,35,5341,1031,1942,864,4.3171,INLAND,363149
-116.8608,32.944,15,1994,516,1258,533,5.9747,<1H OCEAN,410263
-118.8083,36.4903,48,6188,1227,3164,1336,4.592,INLAND,427549
-118.3166,34.1311,36,8496,2467,4012,1752,4.7304,<1H OCEAN,448058
-119.1546,40.8157,21,13977,2853,7186,3081,6.6587,<1H OCEAN,500000
-121.3091,37.7862,6,5778,1603,2247,910,10.826,INLAND,500000
-118.5755,34.725,1,5751,1529,2315,911,1.5433,INLAND,236509
-117.3096,37.2728,4,13257,3931,7630,2311,14.3997,INLAND,500000
-115.4246,39.426,11,12285,3523,6025,2254,1.6479,<1H OCEAN,336318
-117.8471,41.5563,44,4045,1139,2421,857,13.3375,NEAR OCEAN,500000
-116.5713,34.6222,26,12082,3040,7193,3038,13.5213,<1H OCEAN,500000
-122.7141,40.8801,37,7106,1322,4535,1579,8.3428,<1H OCEAN,500000
-119.6329,41.3325,23,14447,2009,7225,1990,2.918,INLAND,361177
-124.2546,41.1644,29,14515,3541,5822,1461,8.912,<1H OCEAN,500000
-121.8289,38.5229,21,11684,3460,2724,1050,9.8009,INLAND,477537
-116.9256,38.4703,48,578,144,290,104,13.0086,NEAR BAY,500000
-114.2137,36.3402,45,3493,1003,1033,326,8.7125,INLAND,456309
-123.3364,39.6225,45,3529,934,1028,291,6.7499,INLAND,425692
-120.2467,37.5442,49,5008,747,1347,462,12.7361,INLAND,500000
-116.1733,38.9179,27,11830,1950,6950,1876,14.7333,<1H OCEAN,500000
-122.2648,36.5775,39,8137,1477,4751,1507,10.0314,INLAND,498365
-118.677,39.4261,40,13860,2082,6451,2102,13.2414,<1H OCEAN,500000
-116.858,40.3,13,424,95,163,55,9.3823,NEAR BAY,500000
-118.0546,33.9265,23,14225,4204,6914,2373,10.657,<1H OCEAN,500000
-122.4284,40.3795,16,937,240,425,128,10.6343,INLAND,475950
-120.718,37.6288,30,435,85,155,65,10.867,NEAR BAY,500000
-116.3396,40.4899,4,12670,1530,4305,1382,5.4942,NEAR OCEAN,418802
-118.6858,36.6042,40,911,160,311,92,9.0593,NEAR BAY,500000
-124.2966,36.113,16,6188,1329,2750,784,9.3179,INLAND,451418
-116.5727,41.1516,31,14979,2671,7097,2232,5.411,<1H OCEAN,500000
-123.9891,34.911,42,2088,292,784,206,5.8979,NEAR OCEAN,455258
-116.7286,40.4856,25,13110,2618,8316,2133,11.6715,<1H OCEAN,500000
-122.2806,37.0998,44,7373,1220,1415,525,9.1581,<1H OCEAN,500000
-114.5585,37.3825,12,1459,413,472,176,3.089,INLAND,258373
-120.5896,35.4496,26,5446,753,1958,696,12.7269,INLAND,500000
-121.0088,37.9366,37,7471,962,1183,476,13.3636,NEAR OCEAN,500000
-122.8284,35.607,48,948,114,315,81,7.526,NEAR BAY,500000
-121.2267,32.9191,33,12378,2216,3550,1552,3.9247,NEAR OCEAN,441998
-115.3906,35.1068,28,3751,895,1511,406,14.2665,<1H OCEAN,500000
-114.1675,32.61,9,14690,3694,4674,1798,13.3518,INLAND,500000
-120.5859,41.7465,12,6600,1330,3386,936,4.4213,NEAR OCEAN,403384
-119.7652,41.628,5,14770,3591,5981,2547,2.3383,NEAR BAY,419886
-116.9704,36.2645,52,6843,1264,1470,517,7.1692,INLAND,447051
-115.2931,39.3967,28,14824,3560,7783,2073,10.4696,<1H OCEAN,500000
-118.2891,35.8006,35,8901,1133,1776,663,3.4554,NEAR OCEAN,396231
-120.3486,38.8583,5,14063,2676,8009,2016,8.185,<1H OCEAN,500000
-120.133,40.121,34,2023,530,1245,504,6.9558,INLAND,460531
-117.2408,41.4495,46,7052,1865,2194,833,13.4677,INLAND,500000
-124.3171,36.312,34,13272,3303,8136,2379,7.0139,INLAND,445536
-118.0178,39.913,13,11333,1776,6193,2012,8.4729,INLAND,432147
-120.7169,35.0497,39,14833,2439,9066,2280,14.374,INLAND,500000
-116.2333,41.8591,42,7977,2387,3853,1497,5.1957,INLAND,419643
-123.3996,32.7922,45,4432,614,1186,373,5.0459,<1H OCEAN,442382
-118.3386,38.2232,48,6719,1024,4013,1462,12.1943,<1H OCEAN,500000
-119.4345,38.7494,14,10526,1509,2548,1124,4.8855,<1H OCEAN,402464
-117.7854,39.0176,11,1977,353,507,157,12.6461,INLAND,500000
-123.6872,33.6816,42,1422,224,406,181,2.3375,<1H OCEAN,335617
-118.4226,41.3722,38,7830,1641,2365,890,2.5577,INLAND,282548
-118.6116,34.2531,4,14972,3079,6097,1819,13.6185,INLAND,500000
-118.6201,38.4039,33,13821,3901,7003,2362,8.5714,INLAND,488873
-118.1824,34.6432,7,12059,1522,7393,2943,11.0634,INLAND,500000
-117.4365,35.4378,41,1977,351,383,129,4.154,INLAND,318879
-116.123,37.6867,8,9696,2204,6081,1603,3.3278,INLAND,322231
-121.5924,36.4716,37,7690,1759,4695,1332,12.6894,INLAND,500000
-115.918,34.0561,51,5059,1044,895,365,6.0207,<1H OCEAN,500000
-119.2578,34.1568,10,9093,2426,3002,1139,7.3705,NEAR OCEAN,464886
-123.5625,36.4806,43,8318,1092,4629,1684,1.3916,NEAR OCEAN,333716
-123.7516,39.6685,15,3189,850,1453,411,6.4023,<1H OCEAN,422722
-120.9341,40.9909,38,8543,1785,4609,1924,11.7861,INLAND,500000
-116.3284,33.3408,15,1525,219,777,343,12.4979,NEAR BAY,500000
-117.1175,36.2452,5,9693,2708,3861,996,10.7826,<1H OCEAN,500000
-116.2904,33.4923,29,12114,2869,2066,548,10.6905,INLAND,500000
-119.0635,32.706,19,10103,1509,4466,1906,8.0873,<1H OCEAN,500000
-119.8512,38.7702,51,5327,671,928,383,8.5366,INLAND,468194
-122.843,38.213,10,9198,1337,4156,1552,11.3968,NEAR OCEAN,500000
-120.9959,34.0824,12,12722,2920,6999,3072,4.4622,INLAND,396487
-119.9143,34.7478,4,2922,444,1292,490,4.2412,INLAND,303222
-123.4445,32.7729,31,4856,780,3149,923,14.2989,NEAR BAY,500000
-122.0953,40.3985,18,1525,189,576,227,1.3877,INLAND,258268
-118.2361,41.7121,16,4333,1083,2272,861,2.9525,INLAND,280934
-116.8315,33.8233,40,9551,2539,4618,2064,8.9847,INLAND,460189
-114.1469,34.7259,36,3069,808,1981,579,11.3297,INLAND,500000
-114.8136,40.713,25,12908,1845,6539,2416,8.5305,NEAR OCEAN,500000
-117.783,41.2588,23,1442,407,334,135,5.9709,NEAR BAY,446295
-120.0448,36.4945,12,8739,2106,5485,1743,14.6917,NEAR OCEAN,500000
-117.8483,33.0259,34,2031,571,982,320,10.8539,INLAND,486344
-116.3206,32.9203,36,1769,354,317,135,12.6395,<1H OCEAN,500000
-123.1406,37.9451,37,12327,2448,5901,1952,1.5635,NEAR OCEAN,354553
-120.1608,36.2432,3,7446,1945,4404,1651,4.3029,INLAND,334236
-115.7672,32.8193,9,2118,289,928,397,6.2384,NEAR OCEAN,456814
-120.4272,38.0326,18,6616,1414,2163,631,3.5564,<1H OCEAN,411484
-118.5055,32.6562,43,3432,928,1923,858,2.0206,NEAR BAY,379411
-118.343,39.9513,35,3958,1066,2142,836,4.1513,<1H OCEAN,450547
-122.4647,35.4305,34,6197,1810,2615,913,8.4709,<1H OCEAN,500000
-120.648,32.9284,41,2555,627,580,194,10.7404,INLAND,500000
-120.9313,38.0805,14,9789,1540,2696,1188,11.8363,INLAND,492569
-124.0823,36.2882,4,11172,1381,5800,1688,1.6011,<1H OCEAN,260258
-124.1028,41.7037,29,2024,417,1119,349,6.9918,INLAND,386522
-115.8501,37.6655,41,10883,2312,3152,982,2.711,INLAND,300825
-121.5592,35.1372,45,7480,1221,2498,768,7.0368,<1H OCEAN,500000
-119.0552,39.2187,50,4260,606,804,276,7.0757,<1H OCEAN,500000
-121.297,35.102,15,5524,1245,2799,1253,7.975,NEAR OCEAN,471894
-114.7363,41.0499,28,604,155,91,38,13.4996,<1H OCEAN,500000
-121.7,36.0724,42,1921,573,332,104,12.2713,<1H OCEAN,500000
-119.9589,37.7188,16,5516,1414,839,280,9.9141,INLAND,500000
-115.4307,33.0254,12,11217,2948,5301,2035,13.3957,INLAND,500000
-115.7454,36.5555,52,4045,934,1450,367,10.4986,NEAR OCEAN,500000
-122.448,40.3742,5,4410,1311,1317,545,12.464,NEAR OCEAN,500000
-116.147,40.1231,34,11584,2724,7023,2991,8.8929,NEAR OCEAN,500000
-119.6673,34.6586,42,14164,3892,3490,1470,8.3531,<1H OCEAN,500000
-119.4141,34.6751,1,264,76,90,29,11.1374,INLAND,422487
-122.9858,40.2327,39,9691,2784,6009,2057,1.2757,INLAND,248987
-123.5263,41.2957,32,13312,2511,4839,1221,10.6653,<1H OCEAN,500000
-116.9105,33.4464,26,6582,883,2812,927,14.0833,<1H OCEAN,500000
-119.2762,36.7806,17,14837,2239,2821,965,10.9952,INLAND,500000
-119.8854,35.7221,48,9807,1281,5345,2305,1.5151,<1H OCEAN,340220
-116.8944,40.7345,27,11985,1665,4331,1857,6.2904,NEAR BAY,500000
-116.5265,33.3351,24,1168,178,642,284,12.3341,NEAR OCEAN,500000
-122.726,34.5346,35,568,103,157,67,14.4205,<1H OCEAN,500000
-118.1135,39.6232,46,8624,1878,3115,783,6.1823,<1H OCEAN,500000
-122.9667,33.0322,42,2442,605,1326,501,12.7767,NEAR BAY,500000
-116.6709,37.1798,39,5202,821,3313,873,13.0933,INLAND,500000
-117.6359,36.7058,26,3283,791,590,179,2.726,NEAR OCEAN,411643
-114.5734,35.6934,49,8273,2041,4601,1682,12.841,INLAND,500000
-123.6452,36.259,38,9312,2053,2796,1090,5.5395,NEAR OCEAN,427964
-123.7669,37.5314,23,9080,2566,3862,1471,9.3053,INLAND,456374
-121.466,34.0669,22,12664,1772,3736,970,8.5455,<1H OCEAN,500000
